0,"Clayton","Williams","m",1983-11-10,shepherdpamela@example.com,6,"Спортивный массаж"
1,"Jennifer","Thomas","m",1970-05-04,bkelly@example.com,27,"Пилатес"
2,"Tyler","Chase","m",1984-06-05,sherryclements@example.net,19,"Персональный тренинг"
3,"Benjamin","Johnson","m",1973-08-09,daviskaren@example.com,20,"Спортивный массаж"
4,"Mary","Morgan","f",1975-11-15,mitchellcortez@example.net,26,"Aэробика"
5,"Sandra","Scott","m",1995-10-18,bsmith@example.com,3,"Пилатес"
6,"Ann","Moore","m",1972-03-12,warnerkaren@example.org,20,"Спортивный массаж"
7,"Clinton","Sanchez","m",2003-05-27,huynhaaron@example.com,15,"Спортивный массаж"
8,"Douglas","Leonard","f",1982-07-26,hburke@example.net,2,"Спортивный массаж"
9,"Gabriel","Myers","f",1999-01-10,kelly88@example.com,16,"Пилатес"
10,"George","Evans","m",1999-01-21,tlawrence@example.com,28,"Aэробика"
11,"Laura","Wheeler","m",1976-05-30,uwilliams@example.org,29,"Спортивный массаж"
12,"Makayla","Hernandez","m",1966-02-02,qwilson@example.net,3,"Пилатес"
13,"Larry","Weiss","m",1988-09-08,zbrown@example.com,12,"Пилатес"
14,"Gregory","Wade","f",1997-02-03,zamorajustin@example.org,1,"Кроссфит"
15,"Robert","Hickman","m",1972-04-25,bradydan@example.org,19,"Aэробика"
16,"Rebecca","Payne","f",1989-07-16,dannyprice@example.org,7,"Персональный тренинг"
17,"Joseph","Beck","f",1999-11-02,andrewsalan@example.net,2,"Спортивный массаж"
18,"Timothy","Campbell","f",1987-05-03,kendra31@example.org,24,"Aэробика"
19,"Rita","Knight","m",1970-08-19,campbelljennifer@example.com,28,"Пилатес"
20,"James","Ryan","f",1972-02-12,john02@example.com,30,"Пилатес"
21,"Tiffany","Turner","m",1978-12-08,ianderson@example.com,0,"Пилатес"
22,"Sandra","Williams","f",1984-03-07,nicholssusan@example.org,24,"Функциональный тренинг"
23,"Danielle","Harris","m",1975-07-26,jamesjuarez@example.org,16,"Спортивный массаж"
24,"Erin","Hamilton","m",1984-07-19,bdonovan@example.net,14,"Персональный тренинг"
25,"Thomas","Zuniga","m",1967-03-22,robinsonzachary@example.net,9,"Пилатес"
26,"Amanda","Evans","m",1983-07-30,jorge19@example.com,15,"Aэробика"
27,"Michelle","Walton","m",1995-09-16,teresa02@example.net,4,"Кроссфит"
28,"Christine","Rodriguez","f",2004-01-28,xhouston@example.com,4,"Функциональный тренинг"
29,"Paul","Moore","f",1982-12-13,fhughes@example.com,23,"Функциональный тренинг"
30,"Jeanne","Greene","m",1969-08-17,xwebster@example.com,11,"Aэробика"
31,"Tammy","Carey","m",1965-03-30,erikasteele@example.org,26,"Пилатес"
32,"April","Baldwin","m",2006-12-15,sharon47@example.org,27,"Aэробика"
33,"Jason","Cardenas","f",1973-01-24,nicholassanchez@example.com,18,"Функциональный тренинг"
34,"Jeremy","Serrano","f",1981-06-13,andrea20@example.com,28,"Кроссфит"
35,"Anthony","Lee","f",1979-12-09,harry79@example.net,30,"Aэробика"
36,"Kelly","Stone","f",2003-12-01,careykathryn@example.net,3,"Aэробика"
37,"Amy","Cruz","f",1997-08-30,christopher94@example.com,3,"Персональный тренинг"
38,"Jason","Fernandez","m",1971-06-19,johnbrown@example.com,14,"Aэробика"
39,"Elizabeth","Hicks","f",1986-11-07,gregoryschroeder@example.net,9,"Пилатес"
40,"Sydney","Reese","m",2000-02-20,dawn80@example.com,14,"Aэробика"
41,"Nathan","Coleman","m",1991-09-24,danielvictoria@example.org,29,"Спортивный массаж"
42,"Courtney","Burke","m",1966-11-21,wellsryan@example.net,4,"Aэробика"
43,"David","Jones","m",1982-10-31,pshah@example.com,3,"Функциональный тренинг"
44,"Randy","Miles","f",1988-04-21,jefffrank@example.net,20,"Кроссфит"
45,"Jason","Miller","m",1978-03-25,bwade@example.com,23,"Пилатес"
46,"Christopher","Doyle","m",1979-05-29,nicolehayes@example.net,13,"Aэробика"
47,"Elizabeth","Anderson","m",1975-09-01,timothy24@example.net,12,"Пилатес"
48,"Bobby","Gibbs","f",2006-09-29,amanda59@example.org,21,"Aэробика"
49,"Victoria","Mendez","f",2002-04-20,cruzisaac@example.org,6,"Aэробика"
50,"David","Johnson","f",1999-08-16,rothkelly@example.net,16,"Функциональный тренинг"
51,"Jonathan","Gonzales","f",1985-11-09,averymatthew@example.com,4,"Пилатес"
52,"Denise","Patel","m",1987-08-01,camachobilly@example.net,5,"Функциональный тренинг"
53,"Joshua","Rogers","m",1999-08-10,cmueller@example.net,15,"Пилатес"
54,"Nicholas","Brown","m",1972-05-14,amanda78@example.com,26,"Кроссфит"
55,"Jeffrey","Olson","m",1997-12-26,timothy03@example.org,14,"Функциональный тренинг"
56,"Heather","Miller","m",1998-01-30,vstewart@example.org,23,"Функциональный тренинг"
57,"Martha","Rose","m",1979-11-14,michael73@example.com,26,"Кроссфит"
58,"Dawn","Fleming","m",2006-03-26,elizabethgraham@example.net,22,"Пилатес"
59,"Justin","Martinez","f",2003-02-09,hillfelicia@example.net,18,"Aэробика"
60,"Patrick","Johnson","f",2006-01-14,jimeneztina@example.org,17,"Персональный тренинг"
61,"Phyllis","Carpenter","m",1966-05-27,catherinebrown@example.org,15,"Кроссфит"
62,"Heather","Smith","f",1995-03-16,fordjacob@example.net,0,"Пилатес"
63,"Francisco","Anderson","m",2004-01-25,robersonthomas@example.net,5,"Пилатес"
64,"Anthony","Fischer","m",1968-10-27,nguyencharles@example.com,13,"Кроссфит"
65,"Frank","Richmond","m",1979-03-24,evelyn74@example.org,21,"Спортивный массаж"
66,"Anna","Duarte","m",1987-06-01,fergusonangela@example.com,19,"Кроссфит"
67,"Justin","Stanley","m",1997-02-10,nmurphy@example.org,2,"Пилатес"
68,"Melissa","Green","f",1986-11-03,brownadam@example.com,15,"Спортивный массаж"
69,"Miranda","Thomas","f",1983-06-07,davidwilkinson@example.org,0,"Спортивный массаж"
70,"Janice","Dougherty","f",1970-07-15,bmcbride@example.net,2,"Пилатес"
71,"April","Benitez","f",2005-07-09,dwhite@example.org,24,"Спортивный массаж"
72,"Anna","Davis","m",1995-07-13,waterscolton@example.com,14,"Спортивный массаж"
73,"Connie","Boone","m",1977-08-31,blackburnjeffrey@example.org,29,"Персональный тренинг"
74,"Jocelyn","Wade","m",1967-11-09,jennifer31@example.net,0,"Aэробика"
75,"Tina","Davis","f",2001-08-21,williamthompson@example.org,9,"Aэробика"
76,"Angela","Hernandez","f",1995-03-22,huangmatthew@example.com,23,"Спортивный массаж"
77,"Jennifer","Johnson","m",1967-07-28,estradasamantha@example.net,1,"Персональный тренинг"
78,"Raven","Allen","m",1975-05-28,richardcollins@example.org,4,"Кроссфит"
79,"Autumn","Garrett","f",1991-07-24,scottsean@example.net,5,"Пилатес"
80,"Jeffrey","Scott","m",1977-11-13,ashley22@example.net,17,"Спортивный массаж"
81,"Jessica","Walker","m",1978-07-22,qhill@example.com,19,"Функциональный тренинг"
82,"James","Chambers","m",1988-01-01,dbailey@example.net,22,"Спортивный массаж"
83,"Joe","Mann","m",1964-08-10,terrydaniel@example.org,8,"Функциональный тренинг"
84,"Christopher","Franklin","f",1976-12-09,scott62@example.org,28,"Функциональный тренинг"
85,"Leonard","Jensen","f",2002-10-09,williamhill@example.org,6,"Функциональный тренинг"
86,"John","Gregory","m",1980-12-18,pperez@example.com,30,"Персональный тренинг"
87,"Gabrielle","Anderson","f",1985-05-07,ejohnson@example.com,4,"Функциональный тренинг"
88,"Vicki","West","m",2001-06-16,vrangel@example.org,21,"Персональный тренинг"
89,"Jacqueline","Grant","m",2005-11-25,susanwalker@example.org,21,"Функциональный тренинг"
90,"Cheryl","Brown","m",1969-09-14,markbrown@example.com,26,"Функциональный тренинг"
91,"David","Mckinney","f",1997-01-23,misty93@example.net,9,"Пилатес"
92,"Anna","Robinson","f",1982-11-17,sanfordjohn@example.com,2,"Спортивный массаж"
93,"Toni","Palmer","f",1991-05-23,james93@example.com,30,"Кроссфит"
94,"Eugene","Stewart","f",1965-02-16,kathleen93@example.com,25,"Пилатес"
95,"Patricia","Richardson","f",1980-12-06,chris27@example.org,3,"Персональный тренинг"
96,"Nicole","Abbott","m",1979-05-31,leehailey@example.com,6,"Пилатес"
97,"Evan","Salazar","f",1995-02-13,maria17@example.net,18,"Персональный тренинг"
98,"Monique","Brown","f",1984-07-03,marioswanson@example.org,29,"Персональный тренинг"
99,"Kylie","Smith","f",1969-02-27,lynn92@example.com,16,"Aэробика"
100,"Tracy","Sutton","m",1993-03-15,kellerbonnie@example.net,0,"Персональный тренинг"
101,"Kyle","Martin","m",2004-01-07,michelle32@example.org,19,"Персональный тренинг"
102,"James","Day","f",1974-02-12,thomascantrell@example.org,11,"Персональный тренинг"
103,"Stephanie","Spencer","f",1982-03-31,jessica11@example.net,3,"Функциональный тренинг"
104,"George","Monroe","f",1977-05-15,newtonrobin@example.net,1,"Пилатес"
105,"Suzanne","Perry","f",2002-08-23,donald47@example.org,2,"Aэробика"
106,"Alicia","Osborn","m",1987-12-08,melindarios@example.net,3,"Кроссфит"
107,"Elizabeth","Cervantes","f",1989-03-23,tonyfitzpatrick@example.net,17,"Персональный тренинг"
108,"Brian","Frey","f",2004-03-25,browngregory@example.org,7,"Aэробика"
109,"Jason","Curtis","m",1972-09-27,brettperez@example.net,28,"Спортивный массаж"
110,"Allen","Hodge","m",1980-07-04,colemaria@example.net,23,"Функциональный тренинг"
111,"Tyrone","Schaefer","f",1973-03-10,carpenterkenneth@example.net,8,"Спортивный массаж"
112,"Heidi","Johnson","m",2005-09-12,darlene91@example.org,16,"Функциональный тренинг"
113,"Robert","Hunt","m",1985-09-23,kevin02@example.org,7,"Спортивный массаж"
114,"Cynthia","Jensen","m",2001-09-25,graceglenn@example.net,10,"Спортивный массаж"
115,"Jeremy","Sherman","f",1996-07-31,ericksonjennifer@example.net,17,"Кроссфит"
116,"Ashley","Johnson","f",1974-09-24,kelseycollins@example.net,24,"Кроссфит"
117,"Brittany","Wright","f",2007-01-20,maryward@example.org,30,"Кроссфит"
118,"Lisa","Baker","m",1966-11-28,edward60@example.com,23,"Персональный тренинг"
119,"Anita","Bennett","m",1980-04-30,nicole03@example.com,1,"Пилатес"
120,"Jennifer","Day","f",1983-04-25,virginia54@example.net,26,"Функциональный тренинг"
121,"Ashley","Nicholson","m",1975-01-04,wellskathy@example.com,4,"Пилатес"
122,"Thomas","Rivera","f",1978-10-30,cruzrichard@example.org,6,"Кроссфит"
123,"Elizabeth","Garcia","m",1997-05-06,bakermackenzie@example.net,12,"Кроссфит"
124,"Susan","Willis","m",1991-08-10,adam99@example.net,12,"Функциональный тренинг"
125,"Chloe","Cole","f",1993-12-09,wrightcheryl@example.org,24,"Персональный тренинг"
126,"Steven","White","m",1994-12-31,renee71@example.com,4,"Персональный тренинг"
127,"Stephanie","Johnson","f",1997-05-13,wbarker@example.com,3,"Кроссфит"
128,"Lynn","Garner","f",1965-02-18,millerrachel@example.org,10,"Персональный тренинг"
129,"Justin","Glass","m",1995-04-26,lisa36@example.com,9,"Кроссфит"
130,"Leslie","Long","m",1990-06-13,lprice@example.net,21,"Aэробика"
131,"Elizabeth","Giles","f",1986-01-21,shannonmiller@example.org,12,"Персональный тренинг"
132,"Daniel","Cobb","f",1992-06-30,jonathanadams@example.org,29,"Пилатес"
133,"Adam","Bray","f",1994-05-30,paulmccarthy@example.com,8,"Aэробика"
134,"Brittany","Mcclure","f",1996-10-09,brandyrose@example.net,26,"Кроссфит"
135,"Ricky","Warren","f",2000-11-03,brandonmiller@example.net,10,"Персональный тренинг"
136,"Angelica","Moore","f",1974-12-27,ericavila@example.net,7,"Функциональный тренинг"
137,"Marilyn","Fowler","f",1994-06-19,ericavila@example.com,3,"Кроссфит"
138,"Jacob","Farley","m",1991-05-06,nealann@example.net,21,"Пилатес"
139,"Melissa","Wright","f",1980-12-10,smithjennifer@example.org,19,"Кроссфит"
140,"John","Craig","f",1975-10-15,gomezkristen@example.com,15,"Спортивный массаж"
141,"Jeffrey","Tran","f",2006-08-06,maureen56@example.com,9,"Персональный тренинг"
142,"Brandon","Smith","f",1964-11-08,dana70@example.net,1,"Функциональный тренинг"
143,"Tina","Howell","m",1988-09-10,awilliams@example.com,20,"Персональный тренинг"
144,"James","Stewart","m",1999-08-12,karen23@example.net,26,"Кроссфит"
145,"Nicole","Dixon","m",1999-03-25,xbarker@example.net,11,"Кроссфит"
146,"Bryan","Taylor","m",1970-06-28,bakersamuel@example.com,26,"Пилатес"
147,"Amy","Evans","m",2003-07-09,matthew22@example.org,13,"Aэробика"
148,"Karl","Everett","f",1999-09-13,linda11@example.net,20,"Пилатес"
149,"Michelle","Allen","m",1991-08-15,tina21@example.net,21,"Функциональный тренинг"
150,"Jonathan","Cooper","m",2002-07-23,emorris@example.com,10,"Кроссфит"
151,"Karen","Joseph","m",1967-01-27,rogersalyssa@example.com,27,"Персональный тренинг"
152,"Jason","Owens","m",1989-09-11,kennedypatricia@example.net,14,"Пилатес"
153,"Bobby","Murphy","m",1992-06-22,sandovalaaron@example.com,24,"Персональный тренинг"
154,"Charles","Stevens","f",1990-07-02,iwoods@example.org,24,"Спортивный массаж"
155,"Jacqueline","Harris","f",1978-08-19,michael73@example.net,28,"Пилатес"
156,"Brittany","Murphy","f",1991-07-11,travis74@example.com,2,"Пилатес"
157,"Jose","Cooper","f",1964-07-16,brendanorton@example.net,24,"Кроссфит"
158,"Jennifer","Kelly","f",1970-01-06,brandonwalker@example.net,13,"Aэробика"
159,"Tiffany","Parrish","m",1970-12-18,courtneylynch@example.com,1,"Спортивный массаж"
160,"Gregory","Miller","m",1975-04-08,fwillis@example.net,9,"Функциональный тренинг"
161,"Malik","Brown","m",1971-01-10,williamstammy@example.org,18,"Функциональный тренинг"
162,"Mindy","Mckee","m",2006-09-30,cainjonathan@example.net,10,"Пилатес"
163,"Julian","Yates","f",1993-04-01,roy70@example.org,12,"Aэробика"
164,"Lucas","Donaldson","f",2003-03-18,xlewis@example.org,13,"Пилатес"
165,"Alison","Williams","f",1974-11-21,dylanbrady@example.com,17,"Функциональный тренинг"
166,"Karen","Johnson","m",1964-09-21,kevin34@example.org,22,"Спортивный массаж"
167,"Sydney","Rodriguez","f",1999-08-29,jeremiahlane@example.com,13,"Функциональный тренинг"
168,"Andrew","Sparks","m",1978-08-19,reynoldslisa@example.com,21,"Aэробика"
169,"Diana","Rose","f",2004-11-25,michael28@example.org,6,"Спортивный массаж"
170,"Jacqueline","Martin","f",2006-02-01,dchavez@example.com,1,"Пилатес"
171,"Christina","Stone","m",1979-11-26,cdougherty@example.org,26,"Функциональный тренинг"
172,"Nicholas","Davis","f",1968-05-27,cooperbrian@example.org,21,"Aэробика"
173,"Amanda","Myers","m",1974-06-29,wesley40@example.net,7,"Спортивный массаж"
174,"Russell","Bennett","m",1991-02-17,vjenkins@example.org,12,"Спортивный массаж"
175,"Justin","Roberson","f",1999-06-11,katrina24@example.net,23,"Функциональный тренинг"
176,"Joseph","Monroe","m",2006-04-23,robertwilliams@example.org,19,"Пилатес"
177,"Mandy","Barr","f",2000-04-13,andre95@example.org,20,"Кроссфит"
178,"Daniel","Booker","f",1999-03-01,whitejacob@example.net,10,"Спортивный массаж"
179,"Nicole","Medina","f",1982-09-05,yballard@example.net,28,"Aэробика"
180,"Melinda","Johnson","m",1988-08-04,chelseaacevedo@example.net,13,"Спортивный массаж"
181,"Christopher","Johnson","f",1990-08-15,ohughes@example.org,7,"Спортивный массаж"
182,"Jonathan","Fernandez","m",1982-07-10,benjamin37@example.net,22,"Кроссфит"
183,"Dennis","Simpson","m",1973-03-17,johnsonmichelle@example.org,20,"Персональный тренинг"
184,"Vincent","Carroll","f",2004-03-17,riverabeth@example.net,12,"Кроссфит"
185,"Kathy","Koch","m",1984-10-08,maria86@example.net,20,"Пилатес"
186,"Nicole","Vega","m",1999-03-30,christopher71@example.net,11,"Пилатес"
187,"Alexis","Garcia","f",1987-07-14,dschroeder@example.net,14,"Пилатес"
188,"Emily","Woodward","m",1972-04-02,ljones@example.org,8,"Персональный тренинг"
189,"Heather","Weaver","f",1965-10-31,doylesamantha@example.com,10,"Aэробика"
190,"Katie","Wood","f",1976-06-13,andrewpowers@example.org,26,"Кроссфит"
191,"Sherry","Richardson","m",1967-10-24,glendaelliott@example.com,26,"Спортивный массаж"
192,"Regina","Buchanan","m",2003-04-17,tina49@example.com,15,"Кроссфит"
193,"Michele","Martin","f",1999-11-04,tranjustin@example.com,8,"Пилатес"
194,"Henry","Jones","f",1994-01-04,pearsonchristopher@example.com,6,"Кроссфит"
195,"Michael","Durham","f",1990-06-14,anthony90@example.com,27,"Персональный тренинг"
196,"Susan","Spears","m",2007-03-29,stewartcharles@example.org,26,"Функциональный тренинг"
197,"Jessica","Pierce","f",1988-09-30,berrynathan@example.com,4,"Пилатес"
198,"Frank","Williams","m",2001-01-05,sarahmcneil@example.net,29,"Кроссфит"
199,"Adam","Heath","m",1997-07-22,brownanna@example.net,7,"Функциональный тренинг"
200,"Ashley","Jensen","f",1989-12-16,hhuynh@example.org,7,"Персональный тренинг"
201,"Christopher","Garcia","m",1975-03-01,kfreeman@example.org,22,"Персональный тренинг"
202,"Brandi","Oconnor","m",1985-01-05,jamesball@example.org,5,"Aэробика"
203,"Steven","Matthews","f",1969-09-19,mmason@example.com,4,"Кроссфит"
204,"Monica","Doyle","m",1996-05-18,ogarcia@example.net,30,"Кроссфит"
205,"Daniel","Gonzales","f",1990-03-03,ljohnson@example.net,5,"Персональный тренинг"
206,"Dana","Spencer","m",1990-04-03,valerie11@example.net,30,"Персональный тренинг"
207,"Stephanie","Terry","f",1984-11-15,douglas49@example.com,11,"Спортивный массаж"
208,"Laurie","Jackson","f",2001-09-18,kendrajenkins@example.net,12,"Aэробика"
209,"Zachary","Wilson","f",1987-10-02,angelacoleman@example.net,0,"Функциональный тренинг"
210,"Brandi","Robinson","m",1970-07-02,tcortez@example.com,10,"Функциональный тренинг"
211,"Aaron","Miller","f",1984-06-18,ashleybecker@example.net,5,"Пилатес"
212,"Johnny","Duncan","f",1985-06-28,alexandernichols@example.org,25,"Персональный тренинг"
213,"Robert","Gonzalez","f",1987-09-19,tammythompson@example.org,2,"Aэробика"
214,"Taylor","Lee","m",1971-08-23,aarias@example.com,1,"Кроссфит"
215,"Tyler","Mullins","f",1977-05-29,irivera@example.net,3,"Пилатес"
216,"Denise","Dixon","m",1976-10-26,adamswilliam@example.com,25,"Пилатес"
217,"Brian","Beck","f",2003-11-11,slowe@example.net,20,"Персональный тренинг"
218,"Zachary","Carson","m",1998-07-15,brownkyle@example.com,24,"Aэробика"
219,"Daniel","Manning","f",1993-10-04,marywarner@example.com,24,"Пилатес"
220,"Bethany","Mora","m",1999-03-31,lopezronald@example.com,3,"Aэробика"
221,"Todd","Giles","f",1969-09-08,william91@example.net,13,"Спортивный массаж"
222,"Erik","Collier","m",1990-04-28,cartertroy@example.com,12,"Спортивный массаж"
223,"Sharon","Clark","f",1995-11-10,kimberlycamacho@example.org,18,"Спортивный массаж"
224,"Meagan","Wilson","m",1974-02-21,athompson@example.org,11,"Кроссфит"
225,"Emily","Smith","m",1989-03-25,brian29@example.net,16,"Функциональный тренинг"
226,"Timothy","Gould","m",1983-10-28,heather03@example.com,0,"Кроссфит"
227,"Hunter","Lopez","m",1968-02-23,lisa31@example.org,8,"Спортивный массаж"
228,"Kathryn","Ramirez","f",2001-07-23,nmendoza@example.net,11,"Aэробика"
229,"Savannah","Schwartz","f",1987-10-29,gregoryallen@example.com,24,"Пилатес"
230,"Sharon","Adkins","m",2005-03-30,rjones@example.com,13,"Кроссфит"
231,"Catherine","Reese","m",1980-10-12,patricia06@example.net,11,"Кроссфит"
232,"Daniel","Hawkins","m",1997-12-01,kimberly56@example.org,2,"Кроссфит"
233,"Douglas","Terry","f",1971-07-03,erickey@example.org,13,"Пилатес"
234,"Jessica","Taylor","m",1995-05-07,parkerlaura@example.org,30,"Функциональный тренинг"
235,"Corey","Cohen","f",1989-08-07,clarkleslie@example.org,3,"Персональный тренинг"
236,"April","James","f",2001-08-02,beth18@example.org,9,"Пилатес"
237,"Joseph","Castillo","f",1994-04-02,hernandezangela@example.com,15,"Пилатес"
238,"Sharon","Stone","m",2001-04-06,huntkaren@example.org,5,"Aэробика"
239,"Cameron","Villarreal","f",1968-03-22,tlane@example.org,28,"Aэробика"
240,"Sierra","Watkins","m",1973-08-09,dbenson@example.org,12,"Пилатес"
241,"Joshua","Costa","m",1984-03-17,joseph12@example.com,20,"Персональный тренинг"
242,"Scott","Spencer","m",1980-07-30,matthewramos@example.net,27,"Пилатес"
243,"Raymond","Archer","m",2006-07-28,laurensullivan@example.org,7,"Спортивный массаж"
244,"Christopher","Phillips","m",1969-03-09,wrightamy@example.com,8,"Aэробика"
245,"Mary","Taylor","f",1977-02-05,denise89@example.org,10,"Пилатес"
246,"William","Rosales","f",1974-07-25,qturner@example.com,0,"Персональный тренинг"
247,"Michael","Martinez","f",2000-02-10,ssmith@example.net,6,"Aэробика"
248,"Jennifer","Clayton","f",2007-06-18,rfuller@example.net,3,"Кроссфит"
249,"Linda","Frye","f",1981-04-25,christopher41@example.com,20,"Функциональный тренинг"
250,"Leroy","Vaughn","f",2004-07-30,stewartclayton@example.net,10,"Персональный тренинг"
251,"David","Bowen","f",2004-04-25,douglas51@example.org,27,"Спортивный массаж"
252,"Anne","Gutierrez","f",1970-07-24,karen07@example.net,18,"Кроссфит"
253,"Brian","Vasquez","m",1983-06-18,ptaylor@example.net,21,"Функциональный тренинг"
254,"Philip","Roberts","m",1969-12-16,davisbarbara@example.com,13,"Aэробика"
255,"Nicholas","Holmes","f",1992-12-17,anthonylopez@example.net,8,"Пилатес"
256,"Monica","Ward","f",1998-02-05,wendy64@example.com,11,"Спортивный массаж"
257,"Ashley","Dalton","m",1964-12-29,oconner@example.org,2,"Спортивный массаж"
258,"Mallory","Cain","f",1988-05-10,sullivanjason@example.net,15,"Функциональный тренинг"
259,"Patricia","Kelly","f",2006-12-09,mitchellrobert@example.org,5,"Спортивный массаж"
260,"Kristen","Wright","m",2001-02-12,jameslarson@example.net,10,"Кроссфит"
261,"Scott","Rivera","m",1967-04-18,jensencassandra@example.org,27,"Спортивный массаж"
262,"Zachary","Payne","f",2007-04-16,joseph71@example.org,3,"Кроссфит"
263,"Hector","Glover","f",1997-10-09,daniellewallace@example.org,29,"Aэробика"
264,"Barbara","Ortiz","m",1979-02-18,ronaldhorton@example.net,5,"Пилатес"
265,"Jennifer","Anderson","f",1982-04-16,anitataylor@example.org,28,"Кроссфит"
266,"Cindy","Taylor","m",2003-05-23,william53@example.org,23,"Пилатес"
267,"Corey","Jones","m",1999-01-22,tmcbride@example.com,10,"Aэробика"
268,"Brandi","Blankenship","m",1981-04-15,geoffreyrhodes@example.net,7,"Пилатес"
269,"Lori","Rivera","f",1973-11-08,kellycarroll@example.com,25,"Функциональный тренинг"
270,"Jonathan","Reynolds","f",2002-01-25,robertbrown@example.org,12,"Персональный тренинг"
271,"Richard","Nelson","f",2005-05-16,pattersonfelicia@example.net,7,"Функциональный тренинг"
272,"John","Williams","m",1972-10-28,crystalwallace@example.org,22,"Персональный тренинг"
273,"Leroy","Smith","m",1973-11-08,wweber@example.net,10,"Aэробика"
274,"Tyler","Stephens","m",1983-12-24,austin55@example.com,29,"Aэробика"
275,"Thomas","Holland","f",1980-01-25,houstonraymond@example.org,16,"Персональный тренинг"
276,"Crystal","Coleman","f",2006-12-21,martinmegan@example.com,24,"Спортивный массаж"
277,"Cynthia","Chavez","m",1995-10-12,lancedavenport@example.net,20,"Персональный тренинг"
278,"Lacey","Morse","f",1985-09-15,howard06@example.net,19,"Aэробика"
279,"Lindsay","Munoz","m",1982-11-28,daniel58@example.com,5,"Персональный тренинг"
280,"Anna","Richards","f",1967-06-23,craigholder@example.org,21,"Кроссфит"
281,"Emma","Davis","m",1982-11-25,imoore@example.com,4,"Функциональный тренинг"
282,"Christie","Lee","f",1967-12-18,taylor24@example.net,6,"Персональный тренинг"
283,"William","Hall","f",2006-09-24,newmandeborah@example.org,20,"Aэробика"
284,"Zachary","Powers","f",1965-10-21,cantrelljohn@example.org,16,"Спортивный массаж"
285,"Elizabeth","Simmons","m",1985-08-29,gsalazar@example.org,14,"Персональный тренинг"
286,"Ryan","Simmons","f",2003-03-29,kyle72@example.org,6,"Функциональный тренинг"
287,"Brian","Molina","m",1980-09-09,clementslindsey@example.net,2,"Aэробика"
288,"Abigail","Daniels","f",1978-02-15,erikcruz@example.com,24,"Функциональный тренинг"
289,"Melissa","Combs","m",1966-04-13,ugarcia@example.org,25,"Спортивный массаж"
290,"Christopher","Mccarthy","m",1970-03-20,fhayes@example.org,4,"Кроссфит"
291,"William","Hampton","f",1984-07-12,hopkinsbrendan@example.com,29,"Кроссфит"
292,"Scott","Gonzalez","f",1990-01-26,ythomas@example.net,27,"Пилатес"
293,"Leah","Long","f",1965-11-03,johnny17@example.net,21,"Пилатес"
294,"Sabrina","Wallace","m",1967-04-13,gvaughan@example.com,7,"Кроссфит"
295,"Lisa","Phillips","f",1981-09-26,alexanderford@example.com,27,"Спортивный массаж"
296,"Mark","Mcmillan","f",1997-01-31,laura30@example.org,12,"Пилатес"
297,"Timothy","Rogers","f",1993-06-04,lcordova@example.org,4,"Персональный тренинг"
298,"Gregory","Poole","m",1993-12-07,lcooper@example.com,1,"Кроссфит"
299,"Danielle","Green","f",2006-01-28,jjones@example.com,19,"Персональный тренинг"
300,"Denise","Marquez","f",1983-07-08,james06@example.com,28,"Aэробика"
301,"Douglas","Khan","f",1986-11-04,cchandler@example.net,25,"Aэробика"
302,"Brett","James","m",1990-09-12,tgomez@example.net,4,"Aэробика"
303,"Shawn","Keller","f",1979-10-16,fergusonheather@example.net,25,"Спортивный массаж"
304,"Dawn","Miller","m",1982-03-18,stonecharles@example.net,3,"Кроссфит"
305,"Ryan","Reeves","m",1974-03-21,vsmith@example.org,8,"Пилатес"
306,"Eric","Esparza","m",1986-06-01,whitejim@example.com,17,"Пилатес"
307,"Linda","Ford","f",1973-07-05,yelliott@example.net,24,"Функциональный тренинг"
308,"Julie","Thomas","m",1972-08-04,huffmankimberly@example.org,13,"Функциональный тренинг"
309,"Sharon","Petty","f",1998-04-12,jasonorr@example.net,8,"Функциональный тренинг"
310,"Lisa","West","f",1969-01-29,mary44@example.com,8,"Пилатес"
311,"Amanda","Watson","f",1996-08-15,lindsaymckay@example.com,14,"Функциональный тренинг"
312,"Danielle","Gordon","f",2002-02-11,opittman@example.com,27,"Пилатес"
313,"Emily","Villegas","m",1982-07-18,gonzaleznicholas@example.net,3,"Спортивный массаж"
314,"Michael","Cruz","m",1998-02-27,evandeleon@example.net,18,"Спортивный массаж"
315,"James","Walker","f",2002-10-05,justinchristian@example.com,26,"Пилатес"
316,"Steve","Ramirez","m",1969-06-14,rward@example.com,11,"Спортивный массаж"
317,"William","Brandt","m",1983-11-09,wilkersonrandy@example.net,10,"Функциональный тренинг"
318,"Corey","Cannon","m",2004-02-21,audreyjohnson@example.org,25,"Спортивный массаж"
319,"Corey","Schmidt","m",1971-08-18,johnsonjohn@example.net,9,"Aэробика"
320,"Angela","Sims","f",2007-07-12,morgan11@example.net,10,"Спортивный массаж"
321,"Elizabeth","Lucas","f",1972-04-06,ernestsmith@example.org,11,"Спортивный массаж"
322,"Brandon","Stewart","m",1966-12-28,dhill@example.com,10,"Спортивный массаж"
323,"Jason","Clark","f",1972-11-07,eric08@example.net,5,"Пилатес"
324,"Wendy","Thomas","m",2000-09-20,gtaylor@example.org,8,"Спортивный массаж"
325,"Lindsey","Donovan","f",1998-07-19,eduardo33@example.org,26,"Персональный тренинг"
326,"Richard","Rodriguez","m",2002-09-05,jacobadams@example.com,17,"Спортивный массаж"
327,"Autumn","Mcdaniel","m",1993-06-04,hannahcampbell@example.org,24,"Aэробика"
328,"Cheryl","Warren","f",1966-08-28,nicholashayes@example.net,3,"Спортивный массаж"
329,"Alicia","Walker","m",1981-10-22,hgentry@example.org,17,"Кроссфит"
330,"Brian","Simmons","m",1969-03-29,jessica66@example.org,26,"Функциональный тренинг"
331,"Charles","Bailey","m",1991-02-03,parkerkristopher@example.org,0,"Функциональный тренинг"
332,"Jerome","Melendez","f",1999-09-06,lawrence17@example.com,21,"Aэробика"
333,"Teresa","Johnson","f",1982-05-16,matthewjackson@example.com,1,"Спортивный массаж"
334,"Karen","Davis","f",1973-07-08,michaelduran@example.com,18,"Персональный тренинг"
335,"Theresa","Parker","m",1993-01-27,jessica45@example.net,30,"Aэробика"
336,"Taylor","Schultz","f",1989-03-18,martinezrobert@example.org,28,"Спортивный массаж"
337,"Nicole","Dunn","f",1993-11-13,wilsonryan@example.org,22,"Функциональный тренинг"
338,"Jose","Taylor","m",1966-11-08,aaron48@example.org,29,"Aэробика"
339,"Tristan","Martinez","m",1983-05-21,wjoseph@example.com,26,"Функциональный тренинг"
340,"Joshua","Snyder","f",1993-02-17,andersenmatthew@example.net,30,"Спортивный массаж"
341,"Jeffrey","Summers","f",1981-01-14,josephthompson@example.org,11,"Кроссфит"
342,"Nancy","Mendez","f",1989-10-13,danielledaugherty@example.net,19,"Персональный тренинг"
343,"Lisa","Dominguez","f",1994-02-04,dennisshirley@example.org,9,"Персональный тренинг"
344,"Robert","Mendez","m",2001-04-18,valdezharold@example.org,16,"Функциональный тренинг"
345,"Lisa","Thompson","f",1992-12-06,daniellejohnson@example.net,30,"Функциональный тренинг"
346,"Susan","Harris","m",1977-04-20,xpeterson@example.com,21,"Пилатес"
347,"Joseph","Williams","m",1978-09-18,larry01@example.org,20,"Aэробика"
348,"John","Mcconnell","m",1992-12-19,glara@example.org,8,"Кроссфит"
349,"Matthew","Baker","f",1970-04-14,tamaragilmore@example.com,27,"Персональный тренинг"
350,"Brian","Harper","m",1980-03-26,denise80@example.com,5,"Кроссфит"
351,"Tonya","Ray","m",1990-11-29,monica16@example.net,1,"Aэробика"
352,"Cassandra","Rowe","m",1972-10-31,virginia85@example.net,8,"Кроссфит"
353,"Kimberly","Hayden","m",1972-09-22,wanggregory@example.org,20,"Кроссфит"
354,"Martin","Brandt","f",1996-09-01,amy41@example.net,0,"Кроссфит"
355,"Angela","Matthews","f",1989-03-29,annfowler@example.org,3,"Aэробика"
356,"Allison","Mcclure","m",2002-03-29,vserrano@example.com,10,"Функциональный тренинг"
357,"Nancy","Watson","f",2000-03-18,nicole75@example.com,10,"Aэробика"
358,"Jonathan","Bailey","f",1977-10-18,parksevan@example.com,15,"Спортивный массаж"
359,"Brittany","Morales","m",2001-05-02,franklinfox@example.net,7,"Пилатес"
360,"Troy","Good","m",1967-02-28,alejandro57@example.org,20,"Функциональный тренинг"
361,"Amanda","Golden","m",1975-03-08,davidcraig@example.com,30,"Aэробика"
362,"Frederick","Sanders","f",1983-12-06,anna74@example.com,13,"Пилатес"
363,"Daniel","Smith","m",1982-05-17,vsmith@example.net,9,"Персональный тренинг"
364,"David","Taylor","f",1995-04-10,theresa84@example.net,12,"Функциональный тренинг"
365,"David","Smith","m",1995-12-21,blevinstiffany@example.org,26,"Функциональный тренинг"
366,"Jonathan","Powell","f",2004-05-28,vesparza@example.net,29,"Функциональный тренинг"
367,"Donna","Hernandez","f",1981-01-11,leonardteresa@example.org,3,"Спортивный массаж"
368,"Dwayne","Frost","m",1995-05-15,sarah31@example.net,19,"Aэробика"
369,"Lisa","Lewis","f",1981-11-29,bjohnson@example.org,13,"Персональный тренинг"
370,"Jesus","Payne","f",2002-12-27,johnsonjennifer@example.org,1,"Персональный тренинг"
371,"Michael","Johnson","f",2005-12-24,rpeterson@example.org,13,"Aэробика"
372,"Kimberly","Sexton","f",1967-07-10,melinda54@example.org,30,"Кроссфит"
373,"Ashley","Simpson","m",1966-09-29,jesse20@example.org,11,"Aэробика"
374,"Laura","Norton","f",1989-11-19,diana02@example.net,30,"Пилатес"
375,"Aaron","Robinson","m",1994-01-22,iortiz@example.com,18,"Кроссфит"
376,"Ian","Archer","m",1991-06-06,richardsonpaul@example.com,15,"Функциональный тренинг"
377,"John","Greene","m",1970-01-08,brookeperkins@example.com,7,"Персональный тренинг"
378,"Scott","Campbell","f",1983-11-14,craigwilliams@example.net,19,"Кроссфит"
379,"Angelica","Rodriguez","f",2006-07-07,ejones@example.org,2,"Кроссфит"
380,"Rebecca","Smith","m",1970-10-17,juandavis@example.org,22,"Персональный тренинг"
381,"Michael","Adams","f",2007-06-21,jquinn@example.org,5,"Персональный тренинг"
382,"Andrew","Henry","m",2001-08-22,rosarioshane@example.net,18,"Спортивный массаж"
383,"Michael","French","f",1978-08-10,chelsea21@example.org,4,"Функциональный тренинг"
384,"Stephanie","Hess","f",1965-04-16,dtucker@example.net,22,"Aэробика"
385,"Sarah","Sullivan","f",1991-01-27,shannon02@example.com,16,"Кроссфит"
386,"Christopher","Barrett","m",1964-08-13,wilsonjeffrey@example.com,0,"Aэробика"
387,"Craig","Williams","f",1986-05-22,palmersarah@example.org,22,"Aэробика"
388,"Jeanette","Wilson","f",1991-04-08,herringdaniel@example.com,24,"Персональный тренинг"
389,"Michael","Harrison","m",2006-04-08,lisagay@example.org,23,"Функциональный тренинг"
390,"Robert","Scott","m",1988-07-07,dgould@example.org,28,"Кроссфит"
391,"Kristin","Boyle","m",1997-10-24,casey24@example.com,24,"Кроссфит"
392,"Nancy","Decker","f",1970-03-02,stephanieoliver@example.org,5,"Спортивный массаж"
393,"Kayla","Jackson","f",1967-07-07,ajimenez@example.org,24,"Персональный тренинг"
394,"Laurie","Sharp","m",1996-05-09,andrewrios@example.com,6,"Персональный тренинг"
395,"Melanie","Bennett","m",1983-10-28,linda35@example.net,20,"Кроссфит"
396,"Patrick","Sims","m",2001-01-02,chavezpatricia@example.org,26,"Персональный тренинг"
397,"Jacqueline","Stuart","f",1964-04-21,danielle55@example.com,5,"Спортивный массаж"
398,"Vanessa","Tran","f",1968-09-08,perezjeremy@example.net,1,"Кроссфит"
399,"David","Hebert","m",1980-08-22,johnstonjohn@example.net,7,"Кроссфит"
400,"Ethan","Ochoa","m",1981-01-25,sydney91@example.org,2,"Функциональный тренинг"
401,"Jermaine","Scott","f",1977-01-01,waltermarcus@example.com,10,"Aэробика"
402,"Mitchell","Avery","f",1977-01-08,gvance@example.net,4,"Кроссфит"
403,"Jessica","Goodwin","f",1982-04-20,david17@example.net,8,"Персональный тренинг"
404,"Natalie","Kim","m",1969-10-21,erin87@example.net,18,"Персональный тренинг"
405,"Stephanie","Smith","m",1964-11-16,bflores@example.org,8,"Пилатес"
406,"Zachary","Wilcox","f",1972-01-15,danielle47@example.org,10,"Персональный тренинг"
407,"Matthew","Hays","m",1965-07-15,denisehunt@example.com,17,"Пилатес"
408,"Miranda","Grant","m",1965-05-06,amber76@example.net,17,"Aэробика"
409,"Susan","Adams","f",1964-12-27,tara59@example.net,19,"Aэробика"
410,"Dylan","Collins","m",2005-04-06,cunninghamjill@example.net,10,"Персональный тренинг"
411,"Scott","Lewis","f",1968-04-11,lunaeric@example.net,23,"Пилатес"
412,"Edward","Flores","m",1989-12-12,stonemackenzie@example.org,10,"Кроссфит"
413,"Austin","Deleon","m",1998-01-24,sanchezeileen@example.com,19,"Персональный тренинг"
414,"Crystal","Vazquez","m",1979-05-16,mark65@example.org,6,"Aэробика"
415,"John","Smith","f",1991-11-21,mnelson@example.com,13,"Кроссфит"
416,"Brendan","Alvarado","f",2004-06-27,jwhite@example.com,11,"Aэробика"
417,"Anne","Sherman","m",1976-12-18,djones@example.org,19,"Функциональный тренинг"
418,"Scott","Chambers","f",2002-10-15,jamiemitchell@example.com,5,"Спортивный массаж"
419,"William","Richards","m",1974-04-30,carrsusan@example.com,19,"Aэробика"
420,"Veronica","Lawrence","f",1996-09-15,lmontgomery@example.com,14,"Спортивный массаж"
421,"David","Wood","m",1987-04-29,jchavez@example.org,30,"Персональный тренинг"
422,"Brian","Gilbert","m",1976-12-08,chaley@example.net,22,"Пилатес"
423,"Justin","Turner","m",1988-02-05,whitealicia@example.com,0,"Aэробика"
424,"Joyce","Reynolds","f",1979-06-15,gilmoreconnie@example.com,22,"Aэробика"
425,"Thomas","Vargas","f",1970-12-01,matthewperkins@example.org,7,"Кроссфит"
426,"David","Watson","f",1990-04-13,ijacobs@example.net,6,"Aэробика"
427,"Richard","Mckinney","f",1997-08-12,kruegerpatrick@example.org,24,"Aэробика"
428,"Joshua","Miller","m",1976-07-13,poliver@example.net,27,"Спортивный массаж"
429,"Angela","Rodriguez","f",1977-09-04,wallacejulia@example.com,17,"Кроссфит"
430,"Valerie","Garcia","m",1985-12-21,ppena@example.com,29,"Aэробика"
431,"Jennifer","Rice","f",1972-05-24,woodchristopher@example.org,29,"Спортивный массаж"
432,"Michael","Wilson","m",1972-12-23,davidmoody@example.net,12,"Функциональный тренинг"
433,"Paul","Bell","m",1981-02-04,phenry@example.com,18,"Aэробика"
434,"Michelle","Bartlett","m",1964-07-26,websterdaniel@example.net,0,"Aэробика"
435,"Jennifer","Williams","f",1975-03-09,amber92@example.net,0,"Кроссфит"
436,"Rita","Williams","m",1987-02-02,sharon86@example.org,9,"Aэробика"
437,"Sharon","Hardy","f",1998-02-03,harrismichael@example.org,9,"Кроссфит"
438,"Richard","Woodward","m",2007-09-24,christophermartin@example.org,2,"Функциональный тренинг"
439,"Nicole","Brown","f",1987-03-25,lmorgan@example.net,19,"Функциональный тренинг"
440,"Susan","Jenkins","m",2001-12-10,robert28@example.org,19,"Спортивный массаж"
441,"Christopher","Johnson","f",1982-10-30,boyerdennis@example.com,8,"Aэробика"
442,"Frank","Wilson","f",1989-12-17,joshua69@example.net,6,"Кроссфит"
443,"Amy","Perez","m",1998-04-17,fuentesjeffrey@example.org,2,"Персональный тренинг"
444,"Amber","Brooks","m",1982-01-07,nicolerowland@example.org,27,"Персональный тренинг"
445,"James","Wise","m",1992-12-10,katie08@example.com,3,"Пилатес"
446,"Angela","Avery","f",1973-05-22,kentkathleen@example.org,20,"Пилатес"
447,"Peter","Maxwell","f",1999-04-13,petersonchristopher@example.org,25,"Пилатес"
448,"Jason","Ortiz","m",1966-01-21,rogervance@example.org,19,"Пилатес"
449,"Matthew","Collins","m",1966-12-03,xryan@example.com,20,"Пилатес"
450,"Shawn","Vargas","f",1986-10-02,oyoung@example.net,30,"Пилатес"
451,"Patricia","Fernandez","m",1979-08-30,alewis@example.net,10,"Кроссфит"
452,"Deborah","Harper","f",1993-02-04,melissa69@example.net,4,"Спортивный массаж"
453,"Carlos","Key","m",2004-05-29,tiffanythompson@example.org,14,"Персональный тренинг"
454,"Mario","White","m",1992-01-23,brownmichael@example.com,6,"Функциональный тренинг"
455,"Angela","Perkins","f",1977-09-09,amandaayala@example.org,10,"Функциональный тренинг"
456,"Douglas","Powell","f",1977-02-24,lisajohnson@example.net,20,"Функциональный тренинг"
457,"Brian","Jordan","m",1981-05-03,diana43@example.net,27,"Кроссфит"
458,"Jennifer","Montes","m",1987-10-15,silvasteven@example.com,27,"Пилатес"
459,"Kenneth","Garcia","m",1971-08-14,katherine01@example.org,11,"Aэробика"
460,"Joshua","Ingram","m",1968-12-07,barajasmadison@example.org,18,"Функциональный тренинг"
461,"Julie","Burch","m",2000-04-16,walkerchristopher@example.com,29,"Кроссфит"
462,"Eric","Long","f",1992-05-23,krogers@example.org,4,"Кроссфит"
463,"Linda","Anderson","m",1990-07-18,michaelbarton@example.org,22,"Спортивный массаж"
464,"Cynthia","Cox","f",2004-07-13,kelliarnold@example.com,7,"Функциональный тренинг"
465,"Elizabeth","Brown","m",1985-01-24,jason21@example.com,19,"Спортивный массаж"
466,"Christopher","Johnson","f",1998-10-06,cmclaughlin@example.net,22,"Персональный тренинг"
467,"Victoria","Glover","m",1977-11-04,wcarlson@example.org,13,"Спортивный массаж"
468,"Brian","Harvey","f",1979-07-23,victor78@example.net,6,"Спортивный массаж"
469,"Richard","Ho","f",1999-10-12,darren44@example.com,25,"Aэробика"
470,"Brenda","Cantrell","f",1979-08-10,martinford@example.com,24,"Пилатес"
471,"Emily","Martinez","m",1978-12-15,jessewalker@example.org,4,"Функциональный тренинг"
472,"Christopher","Olson","m",2002-10-27,omartinez@example.com,11,"Aэробика"
473,"Claudia","Summers","f",1979-08-27,wcochran@example.net,28,"Персональный тренинг"
474,"Edwin","Thomas","m",1981-03-17,charleschang@example.org,12,"Aэробика"
475,"Sandra","Gibson","f",1978-12-15,gonzalezlisa@example.org,15,"Кроссфит"
476,"Katie","Wilson","f",1970-09-01,jacobbowers@example.net,25,"Спортивный массаж"
477,"Ernest","Johnson","f",1969-07-04,ymurphy@example.net,27,"Спортивный массаж"
478,"Jack","Elliott","m",1972-12-07,sarahenry@example.org,9,"Aэробика"
479,"Joseph","Rogers","m",1972-12-30,brandi18@example.net,8,"Кроссфит"
480,"Kelly","Brown","f",1977-12-27,jacobschultz@example.net,4,"Aэробика"
481,"Ashley","Edwards","m",1999-06-17,barnesstacey@example.com,24,"Персональный тренинг"
482,"Ariel","Huber","m",1981-09-11,knappangelica@example.org,12,"Функциональный тренинг"
483,"Daniel","Krueger","f",1969-09-15,ryan32@example.com,11,"Кроссфит"
484,"Kristina","Martinez","m",2000-09-13,palmermichelle@example.com,26,"Aэробика"
485,"Deborah","Lynch","f",1979-12-16,kiarasmith@example.org,20,"Aэробика"
486,"Ashley","Bruce","m",2003-03-28,jessicajackson@example.org,27,"Персональный тренинг"
487,"Johnathan","Osborn","f",1996-12-02,anthony41@example.net,7,"Спортивный массаж"
488,"Alicia","Black","m",1976-09-12,nunezjeffrey@example.net,8,"Спортивный массаж"
489,"John","Burke","m",1964-02-08,stacycantu@example.com,13,"Персональный тренинг"
490,"Jessica","Howell","m",2003-06-25,carlsnyder@example.org,18,"Спортивный массаж"
491,"James","Callahan","f",2006-01-25,william74@example.net,23,"Персональный тренинг"
492,"Caitlin","Cooper","m",2000-05-11,xchapman@example.net,21,"Функциональный тренинг"
493,"Austin","Parks","m",1983-01-09,scottbrown@example.org,2,"Пилатес"
494,"James","Stanley","m",1979-07-03,nicholas50@example.com,19,"Функциональный тренинг"
495,"Jennifer","Lam","m",1991-06-09,brennancharles@example.com,22,"Кроссфит"
496,"Jessica","Williams","m",1981-12-17,caseymatthew@example.org,8,"Функциональный тренинг"
497,"Emily","Bates","f",1967-10-20,brendaphillips@example.com,21,"Aэробика"
498,"Brian","Barnes","f",1992-11-27,uandrews@example.org,16,"Персональный тренинг"
499,"Donna","Larson","m",1995-10-06,krystalmendoza@example.net,5,"Персональный тренинг"
500,"Anna","Spencer","f",2000-10-23,melanie02@example.com,27,"Aэробика"
501,"Melissa","Ruiz","m",1982-06-01,matthewrose@example.org,29,"Пилатес"
502,"Alyssa","Higgins","f",1988-12-04,shieldspatricia@example.net,8,"Спортивный массаж"
503,"Maureen","Robinson","m",1992-11-24,patrickangela@example.org,30,"Aэробика"
504,"Diana","Brown","m",1975-08-17,powelljoshua@example.com,14,"Aэробика"
505,"Geoffrey","Figueroa","m",2001-08-17,mckinneyangela@example.org,4,"Персональный тренинг"
506,"Ashley","Becker","m",1992-08-19,lynnbriggs@example.com,21,"Aэробика"
507,"Christina","Reid","f",1999-03-12,alexandra75@example.net,18,"Функциональный тренинг"
508,"Christina","Peck","m",2006-09-30,brownpatrick@example.net,7,"Aэробика"
509,"Ann","Andrews","m",1970-03-14,zwilliams@example.com,22,"Спортивный массаж"
510,"Ricky","Johnson","m",1994-05-19,zstanley@example.net,30,"Aэробика"
511,"Ashley","Tanner","m",1994-03-16,frankhubbard@example.net,4,"Персональный тренинг"
512,"Alicia","Saunders","f",1979-07-18,laurawatson@example.net,21,"Пилатес"
513,"Brittany","Green","m",1991-08-24,dwright@example.com,23,"Функциональный тренинг"
514,"Martha","Anderson","f",1976-05-24,aaroncraig@example.net,30,"Функциональный тренинг"
515,"Christopher","Valdez","m",1977-04-22,jamesblair@example.com,24,"Функциональный тренинг"
516,"Michael","Clark","f",1966-03-20,anthony64@example.com,3,"Кроссфит"
517,"Danny","Quinn","m",1990-08-19,danawilson@example.com,24,"Персональный тренинг"
518,"Karen","Hale","m",1980-11-14,nelsonchad@example.net,9,"Пилатес"
519,"Ronald","Hardy","f",2002-12-30,spencerdanielle@example.com,20,"Кроссфит"
520,"Jennifer","Thomas","f",1977-12-16,greilly@example.com,7,"Спортивный массаж"
521,"Julie","Evans","f",1965-07-06,stephen65@example.org,21,"Спортивный массаж"
522,"Patrick","Stein","f",1977-11-21,thomasamy@example.net,2,"Спортивный массаж"
523,"Christopher","Gibbs","m",1996-05-01,charlestimothy@example.com,15,"Aэробика"
524,"Logan","Johnson","m",1983-03-09,michaelterry@example.org,15,"Спортивный массаж"
525,"Michael","Mullins","f",1987-02-24,pwise@example.com,25,"Спортивный массаж"
526,"Nicholas","Richard","m",1973-06-16,williamserica@example.net,25,"Aэробика"
527,"Jeffrey","George","m",2004-08-08,tbishop@example.net,20,"Aэробика"
528,"Joseph","Rivers","m",1994-05-20,christinagarcia@example.org,22,"Функциональный тренинг"
529,"Rhonda","Stewart","m",1978-01-16,amberanderson@example.org,26,"Функциональный тренинг"
530,"Wendy","Roberson","m",1989-07-17,velezerica@example.org,21,"Пилатес"
531,"Collin","Jones","f",1974-04-17,rosedavis@example.net,28,"Пилатес"
532,"Steven","Hall","m",1995-08-29,gregory67@example.com,18,"Кроссфит"
533,"Laura","Miller","f",1973-09-22,eatonpatrick@example.org,28,"Спортивный массаж"
534,"Rebecca","Robinson","f",1980-10-11,matthewclements@example.net,23,"Спортивный массаж"
535,"Gregory","Mitchell","f",1968-08-03,jennifertran@example.com,3,"Кроссфит"
536,"Cody","Kramer","f",1982-05-12,youngsamuel@example.com,27,"Кроссфит"
537,"Michael","Thompson","f",1977-03-27,bennettstephanie@example.com,3,"Пилатес"
538,"Chad","Price","m",1991-11-12,karencastaneda@example.org,14,"Кроссфит"
539,"Emma","Sanford","f",1979-05-01,yarnold@example.com,16,"Спортивный массаж"
540,"William","Holt","m",1983-01-05,calvinhoffman@example.com,1,"Спортивный массаж"
541,"Dana","Sparks","f",2002-05-06,jwest@example.com,26,"Функциональный тренинг"
542,"Joseph","Conley","f",1980-11-27,angelamack@example.net,1,"Персональный тренинг"
543,"Jason","Stafford","m",2005-06-24,ikelley@example.com,29,"Aэробика"
544,"David","Padilla","m",1978-11-13,yjones@example.org,4,"Спортивный массаж"
545,"Brandon","Perez","m",2005-07-29,melissabaker@example.org,1,"Функциональный тренинг"
546,"Shawn","Nunez","m",1981-10-21,evanschad@example.org,1,"Aэробика"
547,"Beverly","Lucas","f",1971-06-04,regina88@example.com,1,"Кроссфит"
548,"Cory","Hensley","m",2005-03-05,baldwinrebecca@example.net,19,"Aэробика"
549,"James","Mendez","m",1967-06-08,christopherpotts@example.net,30,"Кроссфит"
550,"Summer","Cole","m",2005-09-28,johnmatthews@example.org,11,"Aэробика"
551,"Vincent","Allen","f",1975-05-31,cookjoseph@example.com,18,"Персональный тренинг"
552,"Jack","Rios","f",1974-12-02,rushwilliam@example.net,19,"Пилатес"
553,"Tracy","Riggs","m",1982-10-13,chandlersydney@example.com,23,"Функциональный тренинг"
554,"Deborah","Smith","f",1985-08-23,melissavillanueva@example.org,19,"Пилатес"
555,"Dalton","Deleon","m",2001-10-22,twhite@example.net,0,"Функциональный тренинг"
556,"Jeremy","Serrano","f",1994-10-08,robertsmichael@example.net,6,"Aэробика"
557,"Rebecca","Pruitt","f",2003-03-15,jimmy85@example.com,5,"Спортивный массаж"
558,"Alexander","Wood","m",1982-02-28,gjohnson@example.com,20,"Функциональный тренинг"
559,"Lori","Mcdonald","f",2005-10-12,ycobb@example.net,6,"Функциональный тренинг"
560,"Linda","Johnson","f",1965-07-21,caitlin65@example.org,30,"Функциональный тренинг"
561,"Lisa","Chang","m",1980-05-12,denisemartin@example.org,19,"Aэробика"
562,"Andrew","Hill","m",1992-03-18,smithphilip@example.com,4,"Кроссфит"
563,"Jason","Mendez","f",1985-07-04,sherry23@example.com,28,"Кроссфит"
564,"Jonathan","Miller","m",1965-09-25,powellwendy@example.org,4,"Кроссфит"
565,"Whitney","Allen","f",2006-09-20,margaretscott@example.net,25,"Aэробика"
566,"Joshua","Alvarado","m",1968-04-17,ericbenitez@example.net,8,"Персональный тренинг"
567,"Fernando","Joyce","m",2004-07-23,alvarezlisa@example.net,13,"Персональный тренинг"
568,"Tracy","Wood","f",1977-09-24,victoriahines@example.org,4,"Aэробика"
569,"Stephanie","Taylor","f",1991-06-02,parsonsdavid@example.com,25,"Пилатес"
570,"Jamie","Harrington","m",1966-02-02,carmen12@example.net,19,"Кроссфит"
571,"Donna","Tran","m",1983-12-30,scott48@example.net,1,"Спортивный массаж"
572,"Robert","Cortez","m",2001-08-28,mramirez@example.org,20,"Спортивный массаж"
573,"Zachary","Ballard","m",1973-01-06,kjackson@example.org,9,"Aэробика"
574,"Shannon","Berg","m",1978-08-16,jenniferbonilla@example.org,13,"Aэробика"
575,"James","Ramirez","f",1992-11-13,katrina31@example.org,26,"Спортивный массаж"
576,"Barbara","Smith","f",1973-11-10,gutierrezrichard@example.org,13,"Спортивный массаж"
577,"Danny","Ryan","m",1969-11-05,ncohen@example.com,25,"Спортивный массаж"
578,"Wendy","Buchanan","m",2000-02-22,npatton@example.com,23,"Пилатес"
579,"Thomas","Gamble","m",2004-11-10,lisabaker@example.org,25,"Aэробика"
580,"Anita","Johnson","m",1987-08-10,benjaminjones@example.org,11,"Пилатес"
581,"Katie","Armstrong","f",2002-04-16,phillipssandra@example.net,11,"Спортивный массаж"
582,"Cynthia","Davis","m",1990-06-23,amandawalker@example.net,12,"Персональный тренинг"
583,"Eric","Carey","m",1998-12-12,ryan52@example.net,17,"Пилатес"
584,"James","Brown","f",1989-07-10,rcasey@example.com,14,"Aэробика"
585,"Samuel","Parker","m",1994-06-25,mitchell32@example.net,12,"Функциональный тренинг"
586,"Emily","Yoder","f",1992-12-02,fosterelizabeth@example.org,30,"Персональный тренинг"
587,"Diana","Dixon","m",1973-11-06,morgan97@example.net,8,"Aэробика"
588,"Peter","Spencer","f",1964-05-02,blackrobert@example.org,20,"Пилатес"
589,"Jacqueline","Norton","f",1975-05-25,hromero@example.org,16,"Пилатес"
590,"Shawn","Vance","m",1969-06-07,amyhoffman@example.net,17,"Кроссфит"
591,"Joseph","Beard","f",1967-06-05,fernando85@example.com,15,"Спортивный массаж"
592,"Christina","Nolan","m",1986-07-04,kellysantos@example.net,0,"Функциональный тренинг"
593,"Robert","Warner","m",1986-01-28,deborah91@example.net,29,"Функциональный тренинг"
594,"Christine","Matthews","f",1999-03-16,ikline@example.com,22,"Персональный тренинг"
595,"Sheila","Knight","m",2004-02-23,omiller@example.com,29,"Функциональный тренинг"
596,"Robin","Jones","m",2004-05-13,newmananita@example.com,15,"Функциональный тренинг"
597,"Kara","Espinoza","f",2000-01-02,kristenpotter@example.net,11,"Спортивный массаж"
598,"Michelle","Rodriguez","m",2005-03-19,george02@example.org,11,"Кроссфит"
599,"Noah","Lambert","f",1986-05-28,juliebrown@example.org,5,"Функциональный тренинг"
600,"Joseph","Pearson","f",1980-02-26,ericholt@example.net,25,"Aэробика"
601,"Anna","Williams","m",1984-03-06,jacobhammond@example.com,13,"Aэробика"
602,"Cynthia","Sawyer","f",1997-08-28,mariah59@example.com,12,"Пилатес"
603,"Christopher","Moore","m",1964-05-07,danataylor@example.org,16,"Функциональный тренинг"
604,"Matthew","Estes","m",1989-09-03,beckeralex@example.com,3,"Персональный тренинг"
605,"Donna","Jones","m",2000-12-16,rodney30@example.net,10,"Кроссфит"
606,"Jennifer","Gutierrez","f",1994-03-06,jenkinsdavid@example.net,1,"Спортивный массаж"
607,"James","Aguirre","f",2005-03-15,brownamanda@example.net,2,"Aэробика"
608,"Danielle","Cannon","m",2007-08-16,steve40@example.com,2,"Кроссфит"
609,"James","Wood","m",1969-11-15,ryan94@example.net,29,"Функциональный тренинг"
610,"Daniel","Hickman","f",1967-06-29,dianapayne@example.org,15,"Кроссфит"
611,"Gary","Taylor","f",1996-01-05,morrisonvictor@example.net,10,"Функциональный тренинг"
612,"Darryl","Huffman","m",1991-09-04,hansonkimberly@example.net,27,"Пилатес"
613,"Nicole","Williams","m",1970-04-12,danielszachary@example.org,11,"Персональный тренинг"
614,"Mark","Kim","m",2000-02-01,john12@example.net,8,"Персональный тренинг"
615,"Erin","Young","m",1989-07-17,vhansen@example.net,7,"Кроссфит"
616,"Donna","White","f",2002-06-16,samantha03@example.net,28,"Кроссфит"
617,"Tiffany","Calhoun","f",1971-05-07,kurtgreen@example.org,15,"Пилатес"
618,"Debra","Travis","f",1971-05-06,charles83@example.com,17,"Пилатес"
619,"Jorge","Williams","m",1978-12-09,harrisjillian@example.org,7,"Персональный тренинг"
620,"Donna","Perkins","m",1991-07-22,gregorygarner@example.net,5,"Пилатес"
621,"Anthony","Werner","m",1970-02-01,marilyn11@example.org,1,"Функциональный тренинг"
622,"Michael","Barber","m",1982-07-26,odonnellbrian@example.com,10,"Функциональный тренинг"
623,"Suzanne","Davis","f",1979-01-07,yoderryan@example.com,30,"Aэробика"
624,"Gregory","James","m",1977-04-03,ethompson@example.org,1,"Пилатес"
625,"Scott","Crawford","f",1972-11-08,christiejohnson@example.net,29,"Кроссфит"
626,"Sherri","Newton","m",1983-04-18,kelly01@example.org,17,"Кроссфит"
627,"Donna","Hall","m",1964-11-22,gregoryward@example.org,14,"Персональный тренинг"
628,"Daniel","Ruiz","f",2000-07-07,ldavidson@example.net,14,"Пилатес"
629,"Lisa","Delgado","m",1986-05-18,mccarthyjustin@example.org,28,"Пилатес"
630,"Mark","Dougherty","f",1969-03-11,kristenarnold@example.net,0,"Aэробика"
631,"William","Stout","f",1978-11-18,nicholas01@example.org,0,"Пилатес"
632,"Michael","Morse","f",1987-09-04,dominic83@example.net,25,"Персональный тренинг"
633,"Paul","Reyes","f",1999-03-08,raymondbryant@example.com,3,"Кроссфит"
634,"Susan","Meadows","f",1995-06-15,kevinarmstrong@example.org,10,"Спортивный массаж"
635,"Emily","Carroll","f",1983-11-24,hannah31@example.com,1,"Кроссфит"
636,"Jennifer","Edwards","m",1999-04-12,katherine58@example.net,23,"Aэробика"
637,"Andrew","Carlson","m",1988-05-12,theresa38@example.net,25,"Спортивный массаж"
638,"David","Graham","m",1986-09-19,fisheredwin@example.com,0,"Спортивный массаж"
639,"Allison","White","m",2005-06-11,oconnorsamuel@example.net,16,"Спортивный массаж"
640,"Stacy","White","m",2007-04-26,bradfordwillie@example.org,20,"Персональный тренинг"
641,"Danielle","Ellis","m",1969-08-11,ureed@example.net,0,"Кроссфит"
642,"Ryan","Riley","m",1976-09-14,mariah29@example.net,25,"Персональный тренинг"
643,"Sara","Lopez","m",1980-04-21,stevensontony@example.org,18,"Персональный тренинг"
644,"Brittany","Smith","m",1964-02-01,tinathompson@example.net,10,"Персональный тренинг"
645,"Katherine","James","m",1996-12-17,kimberly84@example.org,18,"Кроссфит"
646,"Laura","Miller","m",1984-09-09,deborahstanley@example.org,2,"Aэробика"
647,"William","Perry","m",1988-06-12,rogerjohnson@example.com,14,"Aэробика"
648,"Thomas","Bradley","f",1987-05-27,kevincraig@example.com,7,"Спортивный массаж"
649,"Carolyn","Thompson","f",2003-03-04,penavalerie@example.org,10,"Персональный тренинг"
650,"Edward","Lawrence","f",1984-05-15,wanderson@example.org,20,"Персональный тренинг"
651,"Emily","Hall","m",1973-06-19,kenneth72@example.org,4,"Спортивный массаж"
652,"Heidi","Lester","m",1983-07-22,psandoval@example.org,20,"Спортивный массаж"
653,"Brad","Terrell","m",2006-02-28,larry48@example.net,25,"Пилатес"
654,"Jacqueline","Compton","m",1979-04-26,jjimenez@example.net,19,"Кроссфит"
655,"Jermaine","Jones","f",2002-09-03,derek21@example.org,5,"Спортивный массаж"
656,"Tammy","Mcintyre","m",1978-05-11,wellsbrett@example.net,10,"Пилатес"
657,"Madeline","Hudson","f",1974-11-23,ikerr@example.com,15,"Функциональный тренинг"
658,"Julia","Lee","m",1972-02-27,jonathan17@example.net,3,"Функциональный тренинг"
659,"Todd","Green","f",1975-05-19,davidmoore@example.net,10,"Aэробика"
660,"Tony","Jenkins","f",1995-12-17,rmooney@example.com,28,"Кроссфит"
661,"Michael","Mason","m",1990-11-29,jacqueline32@example.com,10,"Персональный тренинг"
662,"Joshua","Soto","f",1979-05-02,palmerkelly@example.com,7,"Персональный тренинг"
663,"Sarah","Owens","f",1967-09-19,andrew83@example.net,29,"Кроссфит"
664,"Joseph","Patel","m",1986-09-26,thompsonryan@example.net,11,"Кроссфит"
665,"Karen","Moreno","m",1972-05-13,jonesaaron@example.com,6,"Спортивный массаж"
666,"Diana","Solis","m",1996-11-02,qpierce@example.com,24,"Кроссфит"
667,"Charles","Barnes","f",1971-12-26,tylerkim@example.net,22,"Кроссфит"
668,"Martin","Phillips","m",1976-02-03,jose80@example.net,2,"Спортивный массаж"
669,"Eric","Lozano","m",1982-09-13,christinahoffman@example.com,8,"Aэробика"
670,"Dennis","Johnson","f",1991-09-06,iwright@example.net,22,"Пилатес"
671,"Rebecca","Graves","f",1983-03-26,jackhayes@example.org,6,"Спортивный массаж"
672,"Cynthia","Crawford","m",1998-03-31,sherrisimmons@example.com,28,"Пилатес"
673,"Deborah","Jackson","f",1987-04-17,michaelwade@example.com,21,"Функциональный тренинг"
674,"Taylor","Clark","m",1964-04-23,joyrodriguez@example.org,28,"Функциональный тренинг"
675,"Stacy","Caldwell","m",1964-07-02,jacob96@example.com,6,"Пилатес"
676,"Gail","Anderson","m",1995-06-14,dianemartin@example.com,0,"Функциональный тренинг"
677,"Angelica","Knight","f",2006-06-08,xlopez@example.net,26,"Персональный тренинг"
678,"Gina","Morales","m",2006-05-13,laura55@example.com,28,"Функциональный тренинг"
679,"Tamara","Chen","m",2003-11-22,hwest@example.com,18,"Пилатес"
680,"David","Macias","m",1988-08-11,zjones@example.org,12,"Спортивный массаж"
681,"Felicia","Mcdonald","f",2002-04-28,denisethompson@example.org,2,"Функциональный тренинг"
682,"Isaac","Weber","m",2004-11-17,kimberly34@example.net,30,"Пилатес"
683,"Daniel","Hahn","f",2002-07-19,gkoch@example.com,7,"Персональный тренинг"
684,"Jennifer","Boyle","f",1965-12-14,josephwilliams@example.net,20,"Aэробика"
685,"Valerie","Gibson","m",2001-09-09,oday@example.net,15,"Пилатес"
686,"David","Patton","m",1990-08-04,kaitlynhill@example.net,27,"Aэробика"
687,"Kimberly","Barton","m",1994-04-26,fryandrew@example.org,4,"Кроссфит"
688,"Shawna","Weber","f",1998-11-05,robert48@example.org,10,"Спортивный массаж"
689,"Damon","Mendez","m",1978-05-07,lparker@example.com,8,"Спортивный массаж"
690,"Lisa","Shaw","f",1969-09-25,kchurch@example.com,16,"Функциональный тренинг"
691,"Jessica","Houston","f",1969-08-11,luis66@example.com,5,"Кроссфит"
692,"Steve","Mclean","m",2007-08-18,evandunn@example.org,10,"Спортивный массаж"
693,"Julia","Brooks","m",1976-12-13,anthony57@example.org,28,"Спортивный массаж"
694,"Matthew","Perez","m",1981-04-03,curtisthomas@example.org,1,"Персональный тренинг"
695,"Jeff","Smith","f",1987-10-21,rebeccaschroeder@example.net,2,"Пилатес"
696,"Dalton","Lopez","f",2000-05-15,tranbryan@example.net,14,"Функциональный тренинг"
697,"Christopher","Foster","f",1969-09-08,gillespiesusan@example.org,24,"Персональный тренинг"
698,"Valerie","Mcgee","m",1987-11-17,theresarodriguez@example.com,13,"Пилатес"
699,"Michelle","Mitchell","f",2006-11-28,ashley91@example.net,11,"Aэробика"
700,"Joshua","Gonzalez","m",1999-12-09,petersashley@example.org,16,"Пилатес"
701,"Gary","Evans","f",1989-05-05,lturner@example.org,27,"Aэробика"
702,"Sophia","Campbell","m",1974-02-06,laura40@example.com,7,"Aэробика"
703,"Wendy","Ortiz","m",1989-01-01,prichards@example.net,11,"Кроссфит"
704,"Deborah","Whitehead","m",1997-05-23,qgarza@example.net,6,"Персональный тренинг"
705,"Alicia","Neal","m",1985-08-11,rhonda72@example.com,12,"Пилатес"
706,"Warren","Chavez","m",1965-01-27,utaylor@example.net,23,"Кроссфит"
707,"Jeff","Richmond","m",1966-08-12,martinezsherry@example.net,6,"Персональный тренинг"
708,"Cameron","Rivera","f",1972-04-26,scottbreanna@example.org,24,"Пилатес"
709,"David","Santos","f",1991-05-27,gonzalezchristopher@example.net,19,"Функциональный тренинг"
710,"Kathy","Davis","f",1980-03-28,rgreene@example.org,23,"Пилатес"
711,"Patricia","Coleman","m",1973-12-20,shawn35@example.com,12,"Aэробика"
712,"Devon","Goodwin","m",1987-09-06,mindy47@example.org,16,"Персональный тренинг"
713,"Rose","Porter","m",1997-01-26,teresa27@example.org,3,"Кроссфит"
714,"Bradley","Davenport","f",1982-10-02,michaelespinoza@example.org,18,"Кроссфит"
715,"Megan","Burns","m",1982-05-04,gonzaleslaura@example.com,13,"Aэробика"
716,"Erin","Santiago","m",1990-06-16,johncannon@example.org,26,"Кроссфит"
717,"Theresa","Howard","f",1988-11-25,ballgabrielle@example.net,16,"Пилатес"
718,"Keith","Vega","m",1971-02-19,wudanielle@example.net,8,"Спортивный массаж"
719,"Thomas","Young","m",1990-07-28,patriciagonzalez@example.com,24,"Спортивный массаж"
720,"Alison","Rivera","m",1981-11-22,harveykayla@example.com,24,"Кроссфит"
721,"Teresa","Weeks","f",1981-09-09,walllori@example.net,26,"Персональный тренинг"
722,"Jennifer","Tanner","m",1976-12-27,jfreeman@example.com,21,"Кроссфит"
723,"Kyle","Ibarra","f",1980-05-05,tharris@example.org,18,"Пилатес"
724,"Jessica","Adkins","m",1974-02-03,amy91@example.com,18,"Функциональный тренинг"
725,"Joseph","Marquez","m",1999-08-11,melissamcbride@example.org,2,"Aэробика"
726,"Diana","Gallagher","m",1965-03-10,acostapatrick@example.org,1,"Функциональный тренинг"
727,"Andrew","Miller","m",1994-06-25,frobinson@example.org,15,"Кроссфит"
728,"Kathleen","Lutz","m",1968-08-02,micheledavid@example.com,23,"Спортивный массаж"
729,"Jodi","Walsh","m",1998-10-03,brianleach@example.com,0,"Функциональный тренинг"
730,"Crystal","Vincent","f",1978-07-18,wintersjamie@example.org,20,"Кроссфит"
731,"Amy","Sanchez","m",1966-04-08,jward@example.com,24,"Пилатес"
732,"Bridget","Johnson","f",1991-04-09,deborahrich@example.org,3,"Пилатес"
733,"Charles","Edwards","f",1991-12-28,rebeccaluna@example.com,8,"Пилатес"
734,"Carl","Evans","f",1999-10-16,jeremy37@example.net,16,"Персональный тренинг"
735,"Jessica","Reese","f",1966-12-31,davisjason@example.com,5,"Aэробика"
736,"Sylvia","Obrien","f",1991-08-28,billy82@example.org,9,"Персональный тренинг"
737,"Amy","Green","f",1967-09-03,braunmatthew@example.net,26,"Функциональный тренинг"
738,"Brian","Smith","f",1965-08-12,jennifer78@example.org,13,"Пилатес"
739,"Lisa","Mitchell","f",1991-04-15,harrisonamanda@example.net,3,"Персональный тренинг"
740,"Michael","Williams","m",1995-06-16,suttonjoseph@example.com,13,"Функциональный тренинг"
741,"Frank","Powell","m",2002-04-22,thompsonkim@example.net,9,"Персональный тренинг"
742,"Rebecca","Hayden","m",1968-01-08,chungtracy@example.org,8,"Aэробика"
743,"Eric","Bowen","f",1992-01-31,brandon15@example.org,3,"Функциональный тренинг"
744,"Tammy","Gilbert","m",1988-11-29,timothymccall@example.org,25,"Персональный тренинг"
745,"Danielle","Kim","f",1971-10-01,regina16@example.com,12,"Пилатес"
746,"Madeline","Peters","m",2004-05-24,joe01@example.com,27,"Aэробика"
747,"Pam","Benson","f",1986-06-25,timothyhodges@example.net,23,"Персональный тренинг"
748,"Elizabeth","Vasquez","f",2002-12-19,johnquinn@example.net,16,"Пилатес"
749,"Mark","Taylor","m",1969-11-06,jillscott@example.org,24,"Кроссфит"
750,"Joshua","Smith","f",1990-04-27,derek46@example.com,8,"Функциональный тренинг"
751,"Alyssa","Gordon","f",1980-10-31,srodriguez@example.net,3,"Функциональный тренинг"
752,"Rodney","Bradford","f",1972-05-26,wilsonmark@example.com,25,"Кроссфит"
753,"Adam","Hood","m",2004-04-23,woodbrittany@example.com,4,"Пилатес"
754,"Vickie","Gutierrez","f",1989-06-02,carlos40@example.net,16,"Кроссфит"
755,"Joe","Williams","m",1965-05-25,jared95@example.net,29,"Кроссфит"
756,"Debra","Martin","m",2004-10-06,kwilliams@example.net,27,"Спортивный массаж"
757,"David","Pitts","m",1997-11-26,bradleysalazar@example.org,0,"Персональный тренинг"
758,"Stephen","Mason","f",2000-10-28,brianagarza@example.org,12,"Функциональный тренинг"
759,"Jerry","Vasquez","m",1964-06-11,robert86@example.org,21,"Кроссфит"
760,"Lisa","Martin","m",1998-12-21,cdavis@example.org,26,"Кроссфит"
761,"Morgan","Hays","f",1988-03-15,edwardsronald@example.net,23,"Пилатес"
762,"Sabrina","Abbott","m",1999-09-27,alejandro10@example.com,1,"Функциональный тренинг"
763,"Mark","Simmons","f",1989-02-03,cthomas@example.net,11,"Функциональный тренинг"
764,"Bobby","Robertson","m",2002-01-04,ladams@example.com,30,"Спортивный массаж"
765,"Breanna","David","m",1993-01-23,jjones@example.net,11,"Кроссфит"
766,"Kimberly","Hernandez","f",1990-03-23,john31@example.net,9,"Пилатес"
767,"Lance","Woods","m",1965-11-24,melissa18@example.org,5,"Кроссфит"
768,"Katherine","Lawson","m",1982-10-02,christopherramsey@example.com,10,"Спортивный массаж"
769,"Samantha","Schaefer","m",1998-07-23,hickmangregg@example.org,5,"Персональный тренинг"
770,"Oscar","Jones","f",2006-06-05,stephanie33@example.org,7,"Кроссфит"
771,"Evelyn","Calderon","m",1967-08-31,robert14@example.org,14,"Персональный тренинг"
772,"Shari","Wong","f",1978-08-18,vhammond@example.net,16,"Пилатес"
773,"Vanessa","Young","f",1978-10-23,orandolph@example.com,0,"Персональный тренинг"
774,"Michael","Baldwin","f",1989-07-02,hle@example.net,20,"Aэробика"
775,"James","Obrien","m",1991-03-11,gloverdonald@example.net,24,"Спортивный массаж"
776,"Kurt","Carter","f",1999-10-21,williamsanthony@example.net,23,"Aэробика"
777,"Michael","Smith","f",1967-02-07,robertsonralph@example.com,3,"Спортивный массаж"
778,"William","Tran","m",1969-10-26,uking@example.com,3,"Кроссфит"
779,"Luis","Webb","m",2001-12-06,yhernandez@example.net,18,"Персональный тренинг"
780,"James","Herrera","m",1980-04-23,kathleen00@example.org,18,"Кроссфит"
781,"Michelle","Mccormick","f",1995-11-18,lopezjamie@example.org,20,"Спортивный массаж"
782,"Diane","Brown","f",1988-01-20,randy37@example.org,2,"Aэробика"
783,"Roberto","Norris","m",1971-05-04,roseoscar@example.com,6,"Персональный тренинг"
784,"James","Jacobs","f",1975-01-07,jspencer@example.com,3,"Персональный тренинг"
785,"Craig","Keith","f",1965-07-17,xmann@example.com,25,"Кроссфит"
786,"Juan","Wood","m",1982-03-09,derrick56@example.net,20,"Спортивный массаж"
787,"Darren","Hubbard","m",1987-11-02,brooketorres@example.com,18,"Персональный тренинг"
788,"Jennifer","Garcia","m",1988-05-31,john52@example.net,28,"Aэробика"
789,"Lance","Joseph","m",1969-10-07,hannahmartinez@example.org,15,"Функциональный тренинг"
790,"Kimberly","Nelson","m",1992-03-02,rbullock@example.com,27,"Персональный тренинг"
791,"Amanda","Mendoza","f",1964-12-25,pturner@example.net,17,"Персональный тренинг"
792,"Kelly","Johnson","m",1989-02-08,david72@example.org,14,"Кроссфит"
793,"Kimberly","Gonzales","m",1972-08-26,derekyoung@example.com,28,"Кроссфит"
794,"Amanda","Clayton","f",1978-02-03,eric24@example.com,18,"Aэробика"
795,"Matthew","Smith","f",1978-05-25,tannerward@example.com,12,"Кроссфит"
796,"Jessica","James","f",1985-08-30,spearschristine@example.net,17,"Персональный тренинг"
797,"Madison","Martin","f",1964-10-15,joannmoore@example.net,4,"Спортивный массаж"
798,"Michael","Joseph","f",1970-08-04,flowersjames@example.net,19,"Кроссфит"
799,"Diane","Gonzalez","m",1968-11-16,emily24@example.net,29,"Персональный тренинг"
800,"Teresa","Schneider","m",1985-08-15,troyschmidt@example.com,17,"Функциональный тренинг"
801,"Kenneth","Taylor","f",1969-08-20,zschmidt@example.net,25,"Кроссфит"
802,"Christina","Salas","m",1979-01-10,blairsharon@example.org,17,"Aэробика"
803,"Michelle","Holder","m",1995-07-10,amanda99@example.org,25,"Кроссфит"
804,"Luke","Bush","m",1977-05-16,christopher81@example.org,17,"Функциональный тренинг"
805,"Maria","Wilson","f",2005-03-11,medinatyler@example.com,27,"Спортивный массаж"
806,"John","Bishop","m",1987-06-17,robert25@example.com,12,"Персональный тренинг"
807,"David","Kelly","f",1983-06-28,melissamiller@example.org,25,"Кроссфит"
808,"Tina","Griffin","m",1990-06-17,kellykaren@example.com,7,"Aэробика"
809,"Justin","Thompson","f",1993-03-04,dale42@example.org,26,"Aэробика"
810,"Dustin","Love","m",2000-11-13,wilkinsonjamie@example.org,15,"Персональный тренинг"
811,"Paul","Perez","m",1972-02-12,xirwin@example.com,14,"Кроссфит"
812,"Donald","Miller","f",1985-01-21,xbrooks@example.org,3,"Кроссфит"
813,"Robert","Mooney","f",1965-09-12,uhebert@example.net,1,"Кроссфит"
814,"Ryan","Lynch","m",1975-10-20,jason45@example.net,23,"Кроссфит"
815,"Steven","Contreras","m",1999-02-07,isaiahwhitaker@example.net,1,"Спортивный массаж"
816,"Frank","Morris","f",2000-03-11,rwong@example.net,4,"Пилатес"
817,"Ashley","Fisher","m",1985-04-07,fhernandez@example.org,16,"Функциональный тренинг"
818,"Jacob","Keith","m",1974-07-30,martinezryan@example.com,28,"Функциональный тренинг"
819,"Fred","Williams","f",2007-02-27,robincline@example.net,30,"Функциональный тренинг"
820,"Darlene","Farmer","f",2005-07-10,spearsdeborah@example.net,12,"Функциональный тренинг"
821,"James","Shields","m",1970-06-22,samanthabullock@example.org,0,"Персональный тренинг"
822,"Shannon","Wilson","m",1976-02-29,michael72@example.org,27,"Спортивный массаж"
823,"Brenda","Oconnor","f",2007-03-11,mmaldonado@example.net,2,"Пилатес"
824,"Jeffrey","Shelton","f",2007-09-03,maryjohns@example.net,25,"Персональный тренинг"
825,"Kaitlyn","Wade","m",1999-09-21,susan54@example.net,18,"Функциональный тренинг"
826,"Sharon","West","m",1993-04-08,whall@example.com,16,"Aэробика"
827,"Deborah","House","m",2006-12-17,leslie78@example.com,20,"Функциональный тренинг"
828,"Alexandra","Patterson","f",1964-11-14,chapmanmike@example.org,20,"Пилатес"
829,"Samantha","Singh","m",1976-05-01,jpace@example.net,0,"Спортивный массаж"
830,"Kristin","Castaneda","f",1965-12-18,dennishernandez@example.com,28,"Функциональный тренинг"
831,"Jacob","Sanchez","m",1992-08-30,chris77@example.org,21,"Спортивный массаж"
832,"Jennifer","Thompson","f",1997-04-29,rvasquez@example.com,18,"Aэробика"
833,"Vanessa","Lowe","f",1991-07-06,bsmith@example.com,14,"Aэробика"
834,"Katrina","Jones","m",1973-08-04,cathy07@example.net,25,"Спортивный массаж"
835,"Stacey","Cummings","f",2004-12-28,hcooper@example.com,25,"Aэробика"
836,"Clifford","Lawrence","f",1992-06-07,murphykristi@example.net,0,"Aэробика"
837,"Stacie","Melton","m",2007-02-08,tamaraorr@example.org,8,"Кроссфит"
838,"Richard","Lawson","f",1989-02-16,ocarter@example.org,1,"Пилатес"
839,"Heidi","Bailey","f",1971-07-05,kellycindy@example.net,26,"Кроссфит"
840,"Tony","Smith","f",1990-03-26,vmurray@example.com,13,"Aэробика"
841,"Robyn","Turner","m",2001-01-25,eric23@example.org,27,"Пилатес"
842,"Dana","Yoder","m",1982-07-07,sphillips@example.net,23,"Спортивный массаж"
843,"Sara","Walsh","f",1974-09-02,angelacunningham@example.org,4,"Кроссфит"
844,"Brent","Braun","f",1997-01-07,robinsonlarry@example.com,11,"Функциональный тренинг"
845,"Eric","Phillips","f",1988-09-20,laura15@example.com,12,"Кроссфит"
846,"Michelle","Webb","f",1982-01-26,anthony97@example.org,8,"Пилатес"
847,"Andrew","Lopez","f",2007-07-17,crollins@example.net,7,"Функциональный тренинг"
848,"Elizabeth","Peterson","m",2004-06-04,julie24@example.com,7,"Персональный тренинг"
849,"Mary","Banks","f",1975-12-09,vsnyder@example.net,22,"Функциональный тренинг"
850,"Richard","Brewer","m",1984-10-31,larry47@example.com,3,"Спортивный массаж"
851,"Yvonne","Nichols","m",1993-06-28,brent21@example.net,11,"Персональный тренинг"
852,"Benjamin","Harris","f",1992-05-07,josephwarren@example.net,12,"Кроссфит"
853,"Thomas","Fox","m",1975-06-28,steven97@example.net,9,"Функциональный тренинг"
854,"Brandon","Johnson","m",2001-01-29,goodwindavid@example.org,21,"Aэробика"
855,"Tanya","Meadows","m",1986-08-21,melissa49@example.net,25,"Персональный тренинг"
856,"Maria","Gonzalez","m",1996-03-13,aaronwilkerson@example.net,9,"Персональный тренинг"
857,"Christina","Wilkinson","f",1996-05-28,petertorres@example.org,18,"Aэробика"
858,"Emily","Taylor","f",1991-11-22,ubrown@example.com,8,"Пилатес"
859,"Adam","Swanson","f",1979-07-03,nashtheresa@example.net,18,"Спортивный массаж"
860,"James","Morris","f",1998-01-08,kimberlyboyle@example.com,5,"Пилатес"
861,"Kimberly","Huynh","f",1969-12-20,brooke63@example.net,7,"Спортивный массаж"
862,"Yvonne","Christensen","f",1993-07-08,karencampbell@example.org,12,"Персональный тренинг"
863,"Mark","Brown","f",1984-01-29,leebrendan@example.com,5,"Aэробика"
864,"Melissa","Soto","m",1969-05-13,richarddonovan@example.com,28,"Персональный тренинг"
865,"Matthew","Davidson","f",2000-06-03,zachary19@example.net,15,"Персональный тренинг"
866,"Alex","Blackwell","m",2005-03-02,xmcguire@example.net,13,"Функциональный тренинг"
867,"Dawn","Simmons","f",1997-06-15,eking@example.net,2,"Спортивный массаж"
868,"Michael","Moore","m",2005-10-10,zflores@example.com,30,"Персональный тренинг"
869,"George","Roberts","m",2007-09-04,courtney19@example.net,19,"Функциональный тренинг"
870,"Mackenzie","Hanna","m",1981-03-28,oliviaroberts@example.net,1,"Пилатес"
871,"Cindy","Powell","f",1999-10-17,ebrown@example.com,13,"Aэробика"
872,"Dustin","Suarez","f",1985-06-10,nwilson@example.org,14,"Кроссфит"
873,"Hannah","Rodriguez","m",2002-04-15,whitesteven@example.org,22,"Персональный тренинг"
874,"George","Johnson","f",1969-01-15,hollybailey@example.net,3,"Персональный тренинг"
875,"Brooke","Vargas","f",1964-12-02,jmoreno@example.net,20,"Персональный тренинг"
876,"William","Brown","m",1984-01-25,wallbilly@example.org,1,"Спортивный массаж"
877,"Judy","Wagner","f",2004-06-08,orodriguez@example.net,24,"Функциональный тренинг"
878,"Edward","Rowland","f",1969-11-07,christopherhartman@example.net,11,"Пилатес"
879,"Brandon","Costa","f",1973-03-28,greentheresa@example.com,22,"Персональный тренинг"
880,"Robert","Gray","f",2003-12-31,diane46@example.com,22,"Aэробика"
881,"Paula","Smith","m",1999-09-15,loganscott@example.net,14,"Функциональный тренинг"
882,"Ashley","Adams","f",1993-01-30,jonathan56@example.net,18,"Пилатес"
883,"Christopher","Reed","m",1998-02-07,michael13@example.org,4,"Пилатес"
884,"Bridget","Chambers","m",1984-02-03,richardtaylor@example.net,22,"Функциональный тренинг"
885,"Janice","Foster","f",1997-11-03,delacruzlori@example.net,5,"Персональный тренинг"
886,"Kevin","Lewis","f",1984-01-11,stephen01@example.net,29,"Персональный тренинг"
887,"Tristan","Clark","f",1994-05-15,fking@example.net,1,"Спортивный массаж"
888,"Philip","Stevens","f",1998-05-07,plee@example.org,10,"Функциональный тренинг"
889,"Dan","Lucas","m",1970-10-25,bridget68@example.com,24,"Спортивный массаж"
890,"Cynthia","Rivera","f",1987-01-28,nholt@example.com,20,"Кроссфит"
891,"Samantha","Garcia","f",1971-03-23,champton@example.org,14,"Пилатес"
892,"Jeff","Sanchez","f",2000-05-23,josephholmes@example.net,29,"Пилатес"
893,"Arthur","Meyer","m",1984-06-18,toddmatthew@example.org,1,"Персональный тренинг"
894,"Jennifer","Gilbert","f",1972-07-29,kenneth57@example.org,20,"Aэробика"
895,"Dana","Williams","m",2005-09-11,beardnathan@example.org,21,"Пилатес"
896,"Dennis","Jones","m",1970-01-22,phall@example.org,24,"Персональный тренинг"
897,"Sandra","Taylor","m",1978-06-13,daniel33@example.org,18,"Пилатес"
898,"Jesse","Martinez","f",1984-10-22,andrewscarlos@example.net,0,"Aэробика"
899,"Kenneth","King","f",2006-01-03,rdunn@example.com,5,"Пилатес"
900,"Pamela","Williams","f",1977-08-14,carrollmatthew@example.com,17,"Функциональный тренинг"
901,"Ashley","Clements","f",1989-06-26,robertsonrobyn@example.org,5,"Спортивный массаж"
902,"Lance","Andersen","f",1966-06-27,julia98@example.com,16,"Пилатес"
903,"Samantha","Robinson","f",1992-09-27,lopezjessica@example.net,17,"Функциональный тренинг"
904,"James","Bridges","m",1985-05-21,sholt@example.net,7,"Пилатес"
905,"George","Smith","f",1986-03-17,hyu@example.net,10,"Функциональный тренинг"
906,"Steven","Kelly","m",1977-01-24,moniquenunez@example.com,4,"Спортивный массаж"
907,"Edward","Villegas","m",1970-12-08,millerjoel@example.net,19,"Кроссфит"
908,"Samuel","Hernandez","f",1981-06-13,kurtwilson@example.com,9,"Персональный тренинг"
909,"Robert","Jones","m",1967-04-03,iavila@example.net,25,"Спортивный массаж"
910,"Cynthia","Moore","m",1968-11-29,mendezanthony@example.net,6,"Персональный тренинг"
911,"Alexander","Lee","m",2004-04-29,williamstonya@example.net,5,"Спортивный массаж"
912,"Victor","Dixon","f",1969-08-10,spencermatthews@example.com,22,"Функциональный тренинг"
913,"Nathaniel","Nolan","m",1985-10-20,mcknightdale@example.com,11,"Aэробика"
914,"Brenda","Grant","m",1990-09-13,rickeybrown@example.org,8,"Спортивный массаж"
915,"Christine","Nunez","m",1969-02-06,douglaspeter@example.org,22,"Спортивный массаж"
916,"Stacy","Howard","m",1997-09-10,walkereric@example.net,14,"Кроссфит"
917,"Christina","Chavez","f",1975-11-27,phansen@example.com,19,"Кроссфит"
918,"Kimberly","Kline","f",2005-10-29,dwilliams@example.net,11,"Пилатес"
919,"Tanya","Smith","f",2002-04-18,adamstravis@example.net,1,"Aэробика"
920,"Brad","Gomez","f",2001-10-03,aaron01@example.net,2,"Пилатес"
921,"Lisa","Larson","m",1984-08-17,jasonpowell@example.net,12,"Aэробика"
922,"Wanda","Harris","m",1991-11-28,vancekatelyn@example.net,29,"Функциональный тренинг"
923,"Heather","Hayes","f",2001-01-02,williamskyle@example.org,14,"Спортивный массаж"
924,"Jennifer","Miller","m",1999-03-25,christopherdavis@example.net,24,"Персональный тренинг"
925,"Laura","Miller","f",1994-05-24,rebecca60@example.org,18,"Aэробика"
926,"Kevin","Anderson","f",2002-12-17,samantha95@example.com,12,"Кроссфит"
927,"Mary","Ross","f",1970-12-06,edwardperez@example.com,16,"Кроссфит"
928,"Richard","Dawson","f",1982-01-17,wcruz@example.com,27,"Кроссфит"
929,"Mario","Williams","m",2001-11-13,rthompson@example.com,21,"Кроссфит"
930,"Sarah","Ramirez","f",1965-10-01,panderson@example.org,8,"Кроссфит"
931,"Karen","Cook","m",1988-05-24,nburton@example.org,7,"Персональный тренинг"
932,"Mark","Moyer","m",1977-05-14,nedwards@example.org,0,"Функциональный тренинг"
933,"Tina","Hughes","f",1973-09-21,dmorales@example.com,9,"Функциональный тренинг"
934,"Robert","Fuentes","m",1981-01-22,avasquez@example.com,19,"Пилатес"
935,"Christopher","Mendez","m",2000-02-22,todd39@example.org,17,"Функциональный тренинг"
936,"Kathryn","Herrera","m",2001-07-22,rogersjames@example.net,1,"Кроссфит"
937,"Amber","Johnson","f",1993-11-11,deanna46@example.net,26,"Персональный тренинг"
938,"Alexander","Taylor","f",1987-05-24,dlarsen@example.org,7,"Aэробика"
939,"Robin","Simpson","m",1974-02-28,chadhuber@example.net,9,"Персональный тренинг"
940,"Steven","Mann","f",1999-01-29,smcclure@example.net,26,"Функциональный тренинг"
941,"Ronald","Morton","m",2002-07-12,shubbard@example.org,29,"Спортивный массаж"
942,"Kari","Huber","f",2005-07-14,bill59@example.org,11,"Персональный тренинг"
943,"Brandi","Grant","m",1976-06-21,david31@example.org,14,"Aэробика"
944,"Adam","Walker","f",1997-01-09,ruizdaniel@example.com,23,"Пилатес"
945,"Jacqueline","Johns","m",2005-04-03,moraleskayla@example.net,24,"Пилатес"
946,"Toni","Young","f",1984-11-04,carrie25@example.com,2,"Персональный тренинг"
947,"Amanda","Gonzalez","m",1978-01-15,michelle47@example.net,7,"Спортивный массаж"
948,"David","Reid","m",1983-07-06,sheltondeborah@example.net,10,"Кроссфит"
949,"Dana","Huffman","m",1997-10-17,mark06@example.org,4,"Кроссфит"
950,"Anthony","Hancock","f",1967-04-02,carolrussell@example.com,19,"Персональный тренинг"
951,"Kimberly","Lyons","m",1976-09-26,pgreen@example.org,14,"Кроссфит"
952,"Danny","Mitchell","m",1992-11-16,kevinsimmons@example.org,3,"Спортивный массаж"
953,"Elijah","Lara","m",1973-01-04,walkermatthew@example.org,14,"Кроссфит"
954,"Donald","Wood","f",1988-04-08,gregoryanderson@example.net,3,"Персональный тренинг"
955,"Carla","Ryan","m",1972-06-29,amandamartin@example.com,11,"Спортивный массаж"
956,"Justin","Taylor","f",2002-03-05,josephsmith@example.com,25,"Пилатес"
957,"Heather","Green","f",1999-06-08,deborahmills@example.net,20,"Aэробика"
958,"Katie","Levine","m",1967-12-07,gary60@example.com,12,"Функциональный тренинг"
959,"Shannon","Bowen","m",1998-10-05,davidleonard@example.org,22,"Персональный тренинг"
960,"John","Benitez","m",1977-04-18,rayyolanda@example.com,27,"Функциональный тренинг"
961,"David","Willis","m",1987-04-07,cynthia86@example.com,3,"Персональный тренинг"
962,"Melissa","Barnes","f",1967-05-02,umorgan@example.org,14,"Aэробика"
963,"Anne","Cox","m",2004-05-18,abigaillutz@example.net,26,"Пилатес"
964,"Lindsay","Gilbert","f",1971-01-13,jenniferbrown@example.org,3,"Персональный тренинг"
965,"William","Krause","m",1967-04-05,csilva@example.com,25,"Персональный тренинг"
966,"Phillip","Bryant","f",1974-04-29,xkelly@example.org,20,"Кроссфит"
967,"Daniel","Flores","m",1991-11-03,jamesamber@example.net,11,"Функциональный тренинг"
968,"Amy","Johnson","f",1974-02-16,clopez@example.com,9,"Aэробика"
969,"Jerry","Baldwin","m",1978-02-10,jose40@example.org,5,"Персональный тренинг"
970,"Lauren","Austin","m",1966-06-08,qbarnes@example.org,17,"Спортивный массаж"
971,"James","Klein","m",1979-11-19,blackburnrebecca@example.org,6,"Пилатес"
972,"Eric","Black","m",1964-11-17,alandry@example.org,12,"Персональный тренинг"
973,"Kenneth","Thomas","m",1998-04-24,mitchelldavid@example.net,1,"Персональный тренинг"
974,"Anthony","Terry","f",1979-07-24,dawsonchristopher@example.org,10,"Спортивный массаж"
975,"Stacy","Johnson","f",1966-08-25,fmcbride@example.org,22,"Aэробика"
976,"Carlos","Boyd","f",1978-11-14,ztran@example.org,0,"Персональный тренинг"
977,"James","Tran","m",1981-08-30,brandiroberts@example.com,19,"Aэробика"
978,"Catherine","Mitchell","f",2006-07-03,johnsonamanda@example.com,8,"Спортивный массаж"
979,"Stephanie","Jackson","f",2002-01-14,mromero@example.net,2,"Пилатес"
980,"Denise","Jones","m",1980-02-17,sandovalshannon@example.org,26,"Кроссфит"
981,"Jennifer","Shaffer","m",1975-10-12,moorerichard@example.net,23,"Кроссфит"
982,"Christopher","Bailey","m",1978-04-14,hayesbenjamin@example.org,4,"Спортивный массаж"
983,"Maria","Todd","f",1980-08-04,karenparker@example.net,3,"Пилатес"
984,"Michelle","Graham","m",1977-08-20,samanthanielsen@example.org,23,"Кроссфит"
985,"Jeffrey","Perkins","m",1964-06-21,williamsamanda@example.com,21,"Кроссфит"
986,"Elizabeth","Osborne","f",2003-11-05,richardsonbrenda@example.org,3,"Персональный тренинг"
987,"Emily","Tate","m",1974-12-20,albertfox@example.org,20,"Пилатес"
988,"Daniel","Smith","f",1975-02-21,nathannewman@example.com,26,"Пилатес"
989,"Tara","Salazar","m",1989-03-16,smithjohn@example.com,30,"Спортивный массаж"
990,"Jeremy","Navarro","f",1964-12-23,jason21@example.org,4,"Кроссфит"
991,"Brandon","Owens","m",1986-05-12,ebarber@example.com,22,"Кроссфит"
992,"Samantha","Clark","m",1986-05-10,kimberlybaldwin@example.org,2,"Персональный тренинг"
993,"Sarah","Daniels","m",1990-03-22,abaker@example.org,30,"Функциональный тренинг"
994,"Jesse","Nguyen","f",1981-07-17,anthony51@example.net,6,"Спортивный массаж"
995,"Kimberly","Santos","m",1976-04-28,johnathanking@example.com,7,"Персональный тренинг"
996,"Nathaniel","Snyder","f",1987-11-07,ayerscody@example.net,22,"Aэробика"
997,"Lacey","Mitchell","f",1994-10-10,bryantangela@example.net,1,"Персональный тренинг"
998,"Kevin","Burke","m",1976-07-19,ewilkinson@example.net,5,"Aэробика"
999,"Melinda","Benson","m",1985-03-28,paulakramer@example.com,22,"Пилатес"
1000,"Kenneth","Schmidt","m",1977-08-09,christopher58@example.net,28,"Функциональный тренинг"
