0,"Активный взрыв","419","44",255,3
1,"Интенсивный огонь","385","40",467,2
2,"Быстрый подъем","814","36",960,1
3,"Жиросжигающий старт","895","28",790,5
4,"Взрывной бой","26","76",471,3
5,"Энергичный взрыв","838","62",610,3
6,"Гибкий взрыв","300","98",336,2
7,"Горячий бросок","938","39",378,5
8,"Горячий взрыв","658","88",838,4
9,"Функциональный старт","63","73",163,2
10,"Интенсивный бокс","34","36",885,7
11,"Жиросжигающий бросок","250","23",418,5
12,"Энергичный взрыв","998","20",995,8
13,"Взрывной бой","759","111",979,8
14,"Гибкий огонь","890","60",116,9
15,"Жиросжигающий бой","135","23",212,7
16,"Взрывной бросок","404","56",683,5
17,"Динамичный огонь","757","40",195,6
18,"Функциональный старт","122","111",200,2
19,"Энергичный огонь","779","22",777,1
20,"Взрывной бой","771","37",725,9
21,"Активный взрыв","751","87",347,6
22,"Горячий подъем","146","20",404,6
23,"Взрывной бросок","886","42",927,10
24,"Интенсивный старт","481","94",692,8
25,"Горячий старт","793","46",636,7
26,"Динамичный огонь","613","44",237,6
27,"Энергичный подъем","50","62",929,8
28,"Активный вызов","161","106",110,9
29,"Жиросжигающий взрыв","627","31",406,7
30,"Горячий взрыв","60","73",934,6
31,"Энергичный бой","238","79",723,7
32,"Быстрый бой","811","101",445,9
33,"Энергичный взрыв","866","37",741,8
34,"Жиросжигающий старт","576","110",128,7
35,"Горячий вызов","779","31",932,6
36,"Динамичный огонь","237","95",749,1
37,"Гибкий взрыв","793","68",398,6
38,"Энергичный подъем","220","52",385,9
39,"Гибкий бой","598","23",187,6
40,"Интенсивный взрыв","645","97",263,1
41,"Горячий бокс","787","66",604,3
42,"Горячий бой","933","59",442,8
43,"Интенсивный взрыв","360","31",365,3
44,"Динамичный старт","675","77",668,1
45,"Интенсивный старт","59","28",642,9
46,"Быстрый взрыв","126","95",35,2
47,"Интенсивный огонь","298","55",309,10
48,"Горячий подъем","346","81",583,10
49,"Горячий старт","825","94",222,5
50,"Функциональный бой","271","102",406,3
51,"Горячий огонь","921","106",328,5
52,"Функциональный бокс","756","66",310,8
53,"Энергичный подъем","375","22",193,1
54,"Интенсивный вызов","806","31",987,5
55,"Активный огонь","454","101",951,4
56,"Энергичный старт","459","97",920,1
57,"Жиросжигающий огонь","380","44",650,9
58,"Жиросжигающий старт","280","114",857,1
59,"Динамичный огонь","561","67",774,7
60,"Динамичный бой","553","54",738,2
61,"Активный старт","206","86",562,2
62,"Динамичный бросок","596","120",255,3
63,"Энергичный взрыв","531","101",44,3
64,"Взрывной старт","34","116",787,5
65,"Активный бросок","955","116",579,4
66,"Функциональный бросок","477","79",806,4
67,"Функциональный взрыв","713","96",987,1
68,"Гибкий подъем","234","62",821,7
69,"Жиросжигающий бой","759","106",630,4
70,"Жиросжигающий бокс","514","114",57,9
71,"Взрывной бросок","318","68",149,3
72,"Гибкий бой","589","21",484,4
73,"Энергичный подъем","341","89",235,7
74,"Функциональный огонь","269","100",814,9
75,"Взрывной взрыв","227","88",370,1
76,"Интенсивный бой","203","40",637,1
77,"Активный взрыв","968","82",319,7
78,"Динамичный взрыв","291","102",470,4
79,"Быстрый старт","234","35",243,8
80,"Взрывной подъем","798","98",475,10
81,"Взрывной вызов","946","102",865,5
82,"Интенсивный подъем","892","108",166,7
83,"Горячий вызов","327","57",536,10
84,"Активный вызов","964","72",101,2
85,"Динамичный взрыв","413","115",404,4
86,"Динамичный огонь","471","52",904,5
87,"Горячий бросок","416","68",404,4
88,"Взрывной вызов","930","113",590,9
89,"Взрывной огонь","708","98",698,8
90,"Энергичный бой","21","117",600,1
91,"Жиросжигающий подъем","40","43",772,10
92,"Динамичный бокс","237","35",796,2
93,"Взрывной огонь","145","72",196,2
94,"Активный подъем","218","82",666,6
95,"Быстрый старт","474","108",186,4
96,"Жиросжигающий взрыв","162","119",476,10
97,"Гибкий бокс","160","46",360,6
98,"Быстрый огонь","13","40",531,8
99,"Горячий бой","81","56",711,10
100,"Быстрый старт","4","113",752,7
101,"Функциональный старт","507","85",124,10
102,"Энергичный старт","564","101",481,6
103,"Жиросжигающий бросок","259","101",371,7
104,"Функциональный бокс","592","27",922,3
105,"Взрывной подъем","748","98",362,2
106,"Гибкий взрыв","704","20",599,3
107,"Быстрый бой","684","79",381,10
108,"Активный старт","949","117",424,2
109,"Горячий подъем","572","63",643,2
110,"Динамичный бросок","595","38",863,2
111,"Активный вызов","221","49",253,6
112,"Интенсивный огонь","250","102",267,6
113,"Быстрый подъем","302","32",731,10
114,"Энергичный бокс","265","103",211,10
115,"Интенсивный бокс","252","116",919,9
116,"Динамичный взрыв","182","53",334,1
117,"Функциональный подъем","896","21",981,10
118,"Гибкий бой","801","78",686,1
119,"Активный огонь","180","119",767,9
120,"Быстрый взрыв","272","56",105,7
121,"Быстрый вызов","797","32",709,1
122,"Функциональный бой","229","86",962,6
123,"Жиросжигающий бой","797","99",353,6
124,"Активный подъем","686","73",353,10
125,"Взрывной бокс","873","32",79,2
126,"Активный огонь","116","29",938,6
127,"Активный взрыв","663","86",66,9
128,"Взрывной старт","359","90",608,6
129,"Функциональный старт","347","67",482,2
130,"Горячий старт","923","82",976,3
131,"Гибкий бросок","800","60",846,7
132,"Активный подъем","54","43",394,9
133,"Функциональный подъем","557","80",811,5
134,"Гибкий бой","503","105",359,1
135,"Быстрый вызов","695","75",64,8
136,"Энергичный бросок","875","105",110,3
137,"Гибкий вызов","761","71",516,10
138,"Функциональный подъем","853","91",517,7
139,"Быстрый старт","988","58",287,3
140,"Интенсивный взрыв","501","43",513,3
141,"Горячий вызов","629","94",801,6
142,"Гибкий огонь","359","29",864,9
143,"Активный бокс","800","63",89,8
144,"Функциональный подъем","768","95",609,10
145,"Интенсивный бой","557","114",642,4
146,"Быстрый бокс","718","75",998,7
147,"Быстрый огонь","552","57",204,4
148,"Функциональный бой","464","50",875,9
149,"Интенсивный старт","983","88",884,9
150,"Энергичный взрыв","820","59",160,2
151,"Интенсивный старт","467","112",456,4
152,"Динамичный бросок","239","105",973,4
153,"Динамичный старт","838","52",142,8
154,"Динамичный бросок","889","112",856,5
155,"Энергичный старт","635","92",522,8
156,"Горячий огонь","138","68",790,5
157,"Энергичный бой","141","62",226,8
158,"Динамичный бокс","723","97",213,2
159,"Горячий бросок","108","36",59,10
160,"Энергичный вызов","209","31",305,4
161,"Функциональный подъем","490","39",600,8
162,"Энергичный старт","951","82",963,9
163,"Гибкий вызов","469","107",871,10
164,"Быстрый бокс","458","25",185,6
165,"Взрывной старт","937","74",930,6
166,"Энергичный старт","730","49",709,2
167,"Интенсивный бой","412","107",175,4
168,"Гибкий бой","330","24",458,6
169,"Динамичный вызов","308","71",291,4
170,"Функциональный старт","260","21",314,4
171,"Гибкий бой","235","78",590,4
172,"Гибкий подъем","650","51",468,7
173,"Горячий бросок","733","57",131,7
174,"Энергичный бой","237","35",511,10
175,"Энергичный старт","502","60",883,7
176,"Горячий старт","614","46",829,7
177,"Динамичный вызов","727","31",812,4
178,"Активный вызов","77","86",331,8
179,"Взрывной бой","160","75",51,6
180,"Горячий подъем","258","88",180,2
181,"Активный огонь","23","46",378,4
182,"Функциональный огонь","442","64",50,4
183,"Гибкий бокс","28","90",920,4
184,"Быстрый подъем","517","94",126,1
185,"Быстрый подъем","244","114",967,7
186,"Интенсивный старт","132","61",511,10
187,"Гибкий бокс","724","88",970,5
188,"Взрывной бокс","936","110",847,4
189,"Энергичный подъем","407","44",762,9
190,"Энергичный бокс","745","104",750,8
191,"Динамичный бокс","801","48",9,3
192,"Горячий старт","133","112",41,4
193,"Взрывной бросок","738","88",564,9
194,"Быстрый подъем","590","37",203,8
195,"Активный взрыв","817","38",288,2
196,"Жиросжигающий старт","16","29",172,6
197,"Энергичный вызов","777","24",242,9
198,"Гибкий бой","411","78",378,7
199,"Динамичный огонь","522","45",686,7
200,"Жиросжигающий бой","669","36",306,5
201,"Энергичный взрыв","713","48",909,4
202,"Гибкий бой","150","22",877,7
203,"Энергичный огонь","71","43",467,5
204,"Гибкий вызов","288","42",504,3
205,"Гибкий бросок","790","92",71,1
206,"Гибкий бой","965","90",133,5
207,"Интенсивный старт","484","103",543,5
208,"Энергичный взрыв","884","80",466,3
209,"Интенсивный бросок","741","46",342,8
210,"Быстрый бросок","287","66",532,10
211,"Жиросжигающий бой","714","120",622,9
212,"Активный огонь","606","113",40,3
213,"Энергичный огонь","440","104",510,1
214,"Взрывной старт","780","94",337,10
215,"Энергичный бросок","201","94",796,10
216,"Горячий взрыв","978","25",443,4
217,"Энергичный огонь","899","84",235,6
218,"Быстрый подъем","131","94",489,1
219,"Интенсивный подъем","501","99",75,9
220,"Взрывной бой","607","64",96,3
221,"Интенсивный вызов","189","44",698,1
222,"Интенсивный бросок","686","39",276,4
223,"Функциональный бросок","938","51",340,6
224,"Взрывной бросок","541","89",263,4
225,"Интенсивный бокс","528","52",395,4
226,"Динамичный старт","667","52",152,7
227,"Взрывной бросок","238","87",797,10
228,"Быстрый бой","876","87",145,2
229,"Горячий взрыв","367","66",716,8
230,"Горячий бросок","327","44",297,4
231,"Взрывной бросок","133","44",964,9
232,"Энергичный бросок","90","24",602,4
233,"Активный старт","194","113",103,5
234,"Интенсивный старт","924","106",785,5
235,"Активный старт","703","104",415,3
236,"Гибкий вызов","188","35",758,8
237,"Гибкий бросок","65","62",793,1
238,"Горячий вызов","953","93",909,3
239,"Взрывной бой","760","93",757,4
240,"Энергичный бой","239","117",506,8
241,"Интенсивный бокс","21","102",372,1
242,"Жиросжигающий старт","647","35",368,3
243,"Энергичный бокс","716","84",44,3
244,"Активный бой","968","119",250,8
245,"Жиросжигающий бокс","502","26",162,9
246,"Энергичный бокс","208","86",178,3
247,"Горячий бокс","242","109",232,5
248,"Интенсивный старт","692","51",723,10
249,"Горячий подъем","750","59",166,9
250,"Горячий вызов","387","112",912,9
251,"Гибкий бросок","159","31",851,4
252,"Динамичный бросок","612","48",498,10
253,"Динамичный бокс","818","84",587,5
254,"Динамичный бокс","975","38",201,2
255,"Энергичный подъем","917","73",850,6
256,"Горячий бой","50","112",316,5
257,"Функциональный подъем","759","87",936,8
258,"Энергичный вызов","445","25",16,7
259,"Интенсивный бросок","616","118",751,6
260,"Функциональный подъем","517","71",73,5
261,"Взрывной бросок","994","36",227,5
262,"Энергичный вызов","21","51",782,9
263,"Жиросжигающий старт","948","97",289,7
264,"Жиросжигающий подъем","379","61",774,2
265,"Быстрый бокс","130","107",555,5
266,"Горячий бокс","884","62",400,8
267,"Активный вызов","25","63",245,5
268,"Энергичный вызов","268","101",126,6
269,"Функциональный старт","735","104",935,2
270,"Энергичный вызов","880","118",155,10
271,"Взрывной подъем","553","33",37,1
272,"Жиросжигающий бокс","893","109",971,6
273,"Активный подъем","681","106",699,9
274,"Функциональный старт","532","70",441,5
275,"Быстрый старт","527","56",55,3
276,"Функциональный взрыв","636","71",529,8
277,"Быстрый подъем","188","65",856,3
278,"Быстрый бросок","677","61",368,8
279,"Активный огонь","11","78",418,3
280,"Взрывной огонь","995","99",311,1
281,"Жиросжигающий огонь","347","103",714,6
282,"Гибкий подъем","169","39",834,5
283,"Интенсивный подъем","354","87",576,6
284,"Функциональный взрыв","426","64",356,2
285,"Быстрый бокс","757","120",283,6
286,"Гибкий старт","370","40",571,1
287,"Активный бокс","946","23",914,4
288,"Энергичный бросок","262","72",568,6
289,"Функциональный бокс","616","93",700,7
290,"Быстрый бокс","878","63",120,4
291,"Энергичный бокс","242","42",556,10
292,"Жиросжигающий вызов","907","80",600,10
293,"Гибкий огонь","573","35",364,1
294,"Гибкий взрыв","280","36",267,10
295,"Интенсивный бокс","11","107",231,9
296,"Активный вызов","42","95",360,4
297,"Гибкий подъем","381","91",410,5
298,"Жиросжигающий бой","17","44",75,9
299,"Динамичный бросок","763","119",120,2
300,"Активный старт","11","21",904,9
301,"Быстрый бокс","947","119",107,10
302,"Энергичный бой","246","26",259,9
303,"Гибкий бросок","665","65",358,8
304,"Интенсивный подъем","673","92",396,10
305,"Динамичный старт","826","78",877,2
306,"Быстрый бокс","729","54",434,1
307,"Взрывной старт","807","40",67,5
308,"Динамичный старт","478","95",765,9
309,"Интенсивный бокс","832","55",192,3
310,"Гибкий подъем","393","58",938,2
311,"Интенсивный огонь","818","81",539,10
312,"Функциональный бой","639","82",596,7
313,"Быстрый подъем","744","113",779,3
314,"Горячий подъем","737","120",525,10
315,"Активный взрыв","171","100",541,10
316,"Активный старт","133","101",118,3
317,"Динамичный взрыв","2","44",945,5
318,"Жиросжигающий вызов","732","28",224,5
319,"Энергичный взрыв","269","92",420,10
320,"Взрывной подъем","929","108",739,9
321,"Энергичный бой","861","103",110,3
322,"Энергичный бой","332","117",595,4
323,"Динамичный взрыв","299","84",657,4
324,"Энергичный старт","849","81",263,7
325,"Быстрый подъем","637","67",483,3
326,"Динамичный огонь","926","68",212,3
327,"Активный подъем","554","75",520,7
328,"Гибкий старт","507","117",898,5
329,"Взрывной подъем","422","21",416,1
330,"Функциональный взрыв","877","76",456,1
331,"Интенсивный огонь","859","99",614,8
332,"Энергичный взрыв","923","46",870,10
333,"Горячий подъем","31","55",108,5
334,"Быстрый старт","912","36",58,8
335,"Быстрый взрыв","850","90",500,2
336,"Энергичный бросок","476","89",862,6
337,"Взрывной взрыв","258","101",98,1
338,"Динамичный огонь","5","35",553,3
339,"Активный подъем","510","75",584,7
340,"Интенсивный взрыв","350","29",895,7
341,"Горячий вызов","167","99",135,6
342,"Активный огонь","108","92",467,2
343,"Взрывной бросок","638","115",604,3
344,"Энергичный огонь","992","41",754,6
345,"Горячий бокс","153","23",674,3
346,"Гибкий взрыв","786","111",702,9
347,"Взрывной огонь","843","115",937,5
348,"Функциональный бросок","286","84",460,10
349,"Горячий подъем","181","75",172,9
350,"Интенсивный взрыв","857","112",698,2
351,"Гибкий старт","806","32",657,5
352,"Интенсивный вызов","487","85",841,10
353,"Интенсивный взрыв","447","52",316,1
354,"Активный бой","974","93",567,1
355,"Интенсивный бой","429","34",783,7
356,"Интенсивный огонь","984","30",918,3
357,"Динамичный взрыв","601","109",741,9
358,"Функциональный огонь","712","86",963,9
359,"Быстрый вызов","723","59",80,10
360,"Активный старт","95","90",541,2
361,"Интенсивный старт","130","83",843,6
362,"Горячий старт","323","89",73,10
363,"Интенсивный огонь","16","50",400,7
364,"Быстрый бокс","691","21",540,6
365,"Активный огонь","275","62",292,10
366,"Динамичный бой","538","47",605,10
367,"Жиросжигающий бросок","569","25",747,5
368,"Динамичный бой","2","22",527,8
369,"Энергичный старт","301","51",808,6
370,"Функциональный огонь","122","115",927,10
371,"Интенсивный бой","969","74",294,6
372,"Жиросжигающий огонь","241","50",957,5
373,"Горячий бокс","193","88",290,4
374,"Быстрый подъем","882","110",614,6
375,"Активный подъем","176","90",661,9
376,"Взрывной бросок","762","108",569,7
377,"Энергичный старт","230","41",66,8
378,"Горячий старт","748","102",416,7
379,"Жиросжигающий огонь","461","37",312,4
380,"Энергичный вызов","399","92",943,8
381,"Активный бокс","883","95",434,10
382,"Жиросжигающий подъем","186","63",782,7
383,"Жиросжигающий подъем","422","50",812,7
384,"Функциональный взрыв","401","71",82,7
385,"Взрывной старт","694","35",929,8
386,"Интенсивный бокс","264","43",831,9
387,"Взрывной бой","23","34",366,6
388,"Активный бой","326","83",653,8
389,"Взрывной взрыв","943","100",829,5
390,"Активный бросок","189","77",527,10
391,"Функциональный вызов","339","29",95,4
392,"Активный старт","248","45",373,3
393,"Функциональный взрыв","697","75",384,10
394,"Взрывной бросок","533","66",163,9
395,"Интенсивный огонь","151","20",328,1
396,"Жиросжигающий бой","783","99",50,3
397,"Динамичный огонь","72","21",936,1
398,"Жиросжигающий бокс","773","58",23,4
399,"Интенсивный вызов","287","102",67,2
400,"Энергичный бой","942","103",146,7
401,"Жиросжигающий старт","661","26",112,10
402,"Динамичный подъем","116","46",511,10
403,"Активный бой","673","70",20,1
404,"Энергичный старт","371","73",263,2
405,"Гибкий старт","833","81",450,1
406,"Горячий бой","261","95",684,2
407,"Интенсивный вызов","766","27",129,2
408,"Энергичный взрыв","898","53",294,8
409,"Функциональный подъем","548","71",842,7
410,"Энергичный бокс","964","37",815,10
411,"Активный вызов","801","40",935,1
412,"Активный старт","159","22",79,6
413,"Функциональный огонь","887","83",257,4
414,"Горячий взрыв","199","101",428,4
415,"Горячий бросок","141","73",489,1
416,"Жиросжигающий подъем","57","59",933,6
417,"Энергичный взрыв","418","67",727,2
418,"Интенсивный подъем","672","92",495,8
419,"Динамичный бой","704","82",706,10
420,"Динамичный старт","456","113",761,6
421,"Горячий подъем","153","47",414,3
422,"Активный бой","709","23",502,1
423,"Функциональный бокс","291","29",289,8
424,"Быстрый вызов","356","86",651,10
425,"Быстрый бросок","980","116",803,3
426,"Интенсивный бросок","456","98",729,1
427,"Быстрый бросок","503","113",46,7
428,"Жиросжигающий подъем","712","57",507,8
429,"Жиросжигающий огонь","751","74",699,1
430,"Быстрый взрыв","881","118",808,9
431,"Активный огонь","394","109",483,4
432,"Горячий бой","539","58",985,4
433,"Динамичный старт","301","77",826,6
434,"Жиросжигающий взрыв","16","52",660,1
435,"Функциональный бокс","610","119",144,2
436,"Взрывной бокс","523","70",93,9
437,"Функциональный подъем","607","62",264,4
438,"Интенсивный вызов","560","85",646,4
439,"Взрывной бой","614","112",20,6
440,"Быстрый старт","359","89",843,4
441,"Гибкий взрыв","312","71",361,9
442,"Взрывной бой","472","47",105,10
443,"Динамичный бой","787","103",813,8
444,"Гибкий старт","256","22",163,9
445,"Взрывной бокс","819","38",937,6
446,"Жиросжигающий старт","278","59",264,9
447,"Активный бой","792","26",389,7
448,"Активный бой","329","29",893,6
449,"Жиросжигающий подъем","350","41",689,4
450,"Активный взрыв","787","104",940,2
451,"Динамичный бросок","829","119",438,8
452,"Динамичный огонь","510","54",99,5
453,"Активный бросок","997","52",507,3
454,"Жиросжигающий старт","137","101",770,5
455,"Жиросжигающий взрыв","577","81",172,9
456,"Гибкий старт","751","72",650,5
457,"Гибкий подъем","793","85",937,2
458,"Быстрый подъем","219","69",962,6
459,"Функциональный бросок","735","120",651,6
460,"Гибкий бой","799","40",340,1
461,"Гибкий взрыв","89","26",298,8
462,"Взрывной бокс","575","25",308,6
463,"Взрывной бой","469","57",346,1
464,"Динамичный бокс","257","62",642,3
465,"Функциональный вызов","523","111",192,7
466,"Динамичный бой","14","66",72,10
467,"Горячий огонь","255","87",956,3
468,"Быстрый огонь","744","109",877,6
469,"Энергичный бокс","322","66",300,2
470,"Интенсивный бросок","176","117",488,10
471,"Динамичный взрыв","474","40",571,8
472,"Интенсивный огонь","359","71",258,8
473,"Активный вызов","439","87",712,4
474,"Гибкий старт","653","104",289,9
475,"Гибкий огонь","971","37",224,7
476,"Функциональный бросок","721","111",963,1
477,"Жиросжигающий подъем","959","41",117,8
478,"Интенсивный подъем","963","115",542,5
479,"Энергичный огонь","701","111",492,6
480,"Быстрый бой","948","39",759,8
481,"Гибкий бросок","768","84",556,3
482,"Жиросжигающий огонь","573","30",143,1
483,"Горячий подъем","626","70",172,4
484,"Активный подъем","821","48",382,9
485,"Активный вызов","783","71",713,2
486,"Быстрый взрыв","490","86",265,8
487,"Горячий огонь","211","84",295,1
488,"Интенсивный подъем","857","99",56,6
489,"Горячий бокс","955","73",623,5
490,"Быстрый вызов","819","70",257,10
491,"Гибкий подъем","687","20",848,9
492,"Быстрый огонь","5","69",822,4
493,"Жиросжигающий бросок","630","87",459,3
494,"Динамичный взрыв","321","81",247,3
495,"Быстрый бросок","673","47",906,1
496,"Интенсивный подъем","450","63",579,4
497,"Активный бой","237","34",73,3
498,"Гибкий огонь","238","118",934,7
499,"Гибкий бокс","853","50",14,3
500,"Взрывной бросок","905","63",656,7
501,"Горячий бросок","905","32",947,1
502,"Жиросжигающий старт","92","63",149,8
503,"Функциональный огонь","85","65",474,7
504,"Горячий бой","421","82",226,4
505,"Взрывной взрыв","967","103",907,2
506,"Активный подъем","878","30",973,1
507,"Жиросжигающий бросок","692","69",206,10
508,"Энергичный бой","826","88",431,7
509,"Жиросжигающий бросок","695","56",143,7
510,"Динамичный бросок","460","102",773,3
511,"Гибкий подъем","494","84",123,9
512,"Энергичный вызов","507","93",457,9
513,"Активный бросок","821","114",805,5
514,"Энергичный подъем","853","33",548,2
515,"Энергичный взрыв","169","38",671,8
516,"Функциональный вызов","553","66",853,9
517,"Активный бросок","33","66",872,7
518,"Гибкий взрыв","650","85",303,8
519,"Интенсивный бокс","894","54",24,10
520,"Энергичный подъем","942","67",258,4
521,"Интенсивный бой","910","101",119,10
522,"Активный старт","168","68",953,3
523,"Жиросжигающий вызов","829","72",498,10
524,"Интенсивный бросок","473","33",293,6
525,"Быстрый взрыв","564","35",352,4
526,"Жиросжигающий подъем","300","75",247,8
527,"Быстрый старт","293","120",373,3
528,"Горячий бокс","820","43",23,6
529,"Интенсивный взрыв","281","25",824,9
530,"Интенсивный бой","130","39",300,10
531,"Функциональный вызов","912","104",730,1
532,"Жиросжигающий подъем","861","116",824,2
533,"Гибкий огонь","539","50",834,5
534,"Горячий бой","818","78",875,6
535,"Функциональный взрыв","91","37",467,5
536,"Быстрый бросок","491","102",328,1
537,"Динамичный огонь","919","115",935,9
538,"Энергичный подъем","119","106",268,3
539,"Взрывной бросок","520","48",580,1
540,"Энергичный огонь","161","67",308,7
541,"Гибкий взрыв","779","25",567,8
542,"Жиросжигающий подъем","59","51",341,7
543,"Энергичный взрыв","380","61",348,9
544,"Гибкий вызов","557","72",808,6
545,"Функциональный взрыв","538","109",859,1
546,"Быстрый бой","760","120",114,7
547,"Энергичный огонь","468","70",632,2
548,"Быстрый старт","841","108",1000,4
549,"Динамичный бой","48","45",850,10
550,"Динамичный бокс","460","65",332,1
551,"Гибкий огонь","330","65",905,5
552,"Интенсивный старт","654","57",747,8
553,"Быстрый огонь","531","108",407,2
554,"Гибкий старт","389","61",13,8
555,"Гибкий старт","423","70",631,9
556,"Гибкий вызов","944","44",401,4
557,"Интенсивный старт","28","80",930,2
558,"Гибкий подъем","752","73",784,5
559,"Энергичный огонь","222","77",798,8
560,"Энергичный бокс","784","67",691,8
561,"Интенсивный старт","190","96",534,8
562,"Горячий бросок","268","83",4,3
563,"Активный взрыв","282","92",408,3
564,"Активный огонь","887","72",111,5
565,"Быстрый старт","4","39",355,8
566,"Интенсивный огонь","336","102",212,1
567,"Динамичный бокс","871","102",484,6
568,"Активный огонь","318","61",230,10
569,"Горячий бросок","225","105",54,5
570,"Быстрый бросок","594","41",287,1
571,"Жиросжигающий огонь","673","86",507,8
572,"Активный бокс","920","77",720,9
573,"Энергичный бокс","996","32",838,7
574,"Энергичный бой","686","72",485,1
575,"Активный бокс","335","95",916,3
576,"Интенсивный бросок","964","98",339,8
577,"Динамичный взрыв","445","79",989,2
578,"Интенсивный вызов","634","67",936,5
579,"Быстрый старт","925","79",650,1
580,"Взрывной бокс","161","97",787,10
581,"Жиросжигающий старт","821","21",519,1
582,"Взрывной огонь","918","105",27,3
583,"Интенсивный огонь","519","33",73,7
584,"Функциональный бой","419","84",999,5
585,"Активный бой","57","106",831,4
586,"Активный бой","839","49",855,10
587,"Жиросжигающий бросок","719","84",871,6
588,"Взрывной подъем","367","52",622,7
589,"Горячий вызов","126","64",296,1
590,"Гибкий огонь","866","68",605,2
591,"Быстрый бокс","579","22",970,2
592,"Активный бой","161","43",782,8
593,"Динамичный взрыв","256","44",158,6
594,"Взрывной бокс","344","109",277,5
595,"Быстрый бокс","623","86",609,2
596,"Активный взрыв","714","49",167,2
597,"Жиросжигающий бокс","97","102",925,3
598,"Быстрый старт","735","70",586,7
599,"Жиросжигающий старт","97","25",747,6
600,"Быстрый бросок","537","114",965,1
601,"Энергичный бой","539","28",304,8
602,"Жиросжигающий бой","710","102",730,8
603,"Активный бокс","43","74",591,9
604,"Гибкий бросок","560","21",857,8
605,"Горячий вызов","302","107",780,4
606,"Энергичный старт","375","93",535,1
607,"Жиросжигающий старт","562","95",642,6
608,"Взрывной бокс","100","117",127,9
609,"Быстрый бокс","245","33",803,10
610,"Жиросжигающий подъем","777","101",390,1
611,"Интенсивный огонь","35","25",274,1
612,"Энергичный вызов","163","98",834,3
613,"Функциональный бросок","127","114",287,8
614,"Горячий взрыв","568","77",768,8
615,"Горячий бой","620","52",844,9
616,"Функциональный огонь","71","85",412,2
617,"Быстрый подъем","964","63",426,8
618,"Функциональный бросок","355","37",908,3
619,"Быстрый вызов","112","96",372,8
620,"Взрывной старт","567","20",768,7
621,"Динамичный старт","854","69",625,4
622,"Горячий вызов","439","117",964,5
623,"Гибкий бой","559","63",557,4
624,"Жиросжигающий огонь","942","38",301,1
625,"Горячий огонь","969","49",249,2
626,"Энергичный вызов","474","62",469,4
627,"Динамичный вызов","305","48",918,7
628,"Горячий бросок","793","23",846,10
629,"Функциональный бой","239","115",614,7
630,"Гибкий бокс","664","21",178,5
631,"Энергичный огонь","443","42",449,9
632,"Функциональный бросок","922","118",825,5
633,"Гибкий подъем","826","22",550,6
634,"Интенсивный бокс","584","47",241,1
635,"Энергичный огонь","151","107",536,8
636,"Энергичный бросок","843","68",794,4
637,"Горячий бокс","530","41",611,3
638,"Быстрый бокс","578","84",308,2
639,"Жиросжигающий огонь","565","20",998,5
640,"Динамичный бой","99","64",614,8
641,"Быстрый взрыв","940","75",22,3
642,"Активный бокс","360","41",917,2
643,"Горячий старт","423","114",932,10
644,"Жиросжигающий бросок","938","113",778,3
645,"Жиросжигающий бросок","485","53",718,6
646,"Активный бросок","541","101",353,2
647,"Горячий бой","873","98",682,7
648,"Активный взрыв","618","79",651,2
649,"Динамичный старт","949","110",58,8
650,"Горячий бокс","838","88",110,10
651,"Динамичный старт","479","46",76,4
652,"Гибкий взрыв","38","98",804,10
653,"Функциональный бой","665","31",305,10
654,"Быстрый огонь","335","27",751,10
655,"Взрывной подъем","606","77",918,2
656,"Жиросжигающий взрыв","64","79",95,5
657,"Функциональный бокс","222","89",92,5
658,"Активный бросок","272","83",957,5
659,"Гибкий вызов","552","78",692,1
660,"Жиросжигающий огонь","539","57",816,4
661,"Функциональный бросок","172","99",685,6
662,"Взрывной вызов","465","112",760,6
663,"Энергичный вызов","484","54",565,3
664,"Динамичный бросок","798","54",116,9
665,"Интенсивный подъем","933","115",557,6
666,"Динамичный подъем","395","93",114,8
667,"Энергичный бросок","74","30",656,7
668,"Быстрый взрыв","206","68",879,9
669,"Гибкий бросок","9","99",248,1
670,"Функциональный взрыв","978","26",1000,2
671,"Интенсивный бой","434","106",598,2
672,"Интенсивный подъем","377","112",786,9
673,"Интенсивный бокс","864","95",703,10
674,"Гибкий бросок","442","35",890,8
675,"Функциональный подъем","556","74",120,3
676,"Гибкий подъем","888","37",527,2
677,"Активный огонь","114","110",748,2
678,"Быстрый бокс","221","49",776,2
679,"Жиросжигающий вызов","144","40",267,6
680,"Активный взрыв","703","80",678,1
681,"Гибкий взрыв","595","80",422,5
682,"Гибкий огонь","605","89",113,5
683,"Горячий подъем","399","87",277,8
684,"Функциональный старт","620","25",459,5
685,"Активный старт","277","63",585,9
686,"Активный огонь","54","51",916,7
687,"Быстрый взрыв","33","100",721,9
688,"Функциональный взрыв","23","80",423,9
689,"Динамичный вызов","242","118",583,8
690,"Функциональный огонь","273","32",511,5
691,"Быстрый взрыв","946","33",381,5
692,"Динамичный огонь","331","95",327,1
693,"Взрывной подъем","794","29",709,6
694,"Быстрый бокс","979","111",816,4
695,"Быстрый бокс","208","67",749,7
696,"Активный взрыв","220","114",985,10
697,"Взрывной бросок","994","83",425,10
698,"Активный взрыв","389","78",716,7
699,"Быстрый бросок","68","112",54,7
700,"Интенсивный огонь","7","29",252,6
701,"Интенсивный бой","418","50",512,1
702,"Функциональный взрыв","997","102",578,5
703,"Горячий бокс","239","98",385,4
704,"Динамичный старт","888","74",614,9
705,"Энергичный старт","7","82",701,3
706,"Активный старт","835","87",870,10
707,"Энергичный бокс","401","80",240,1
708,"Динамичный бокс","250","38",529,7
709,"Энергичный бокс","323","30",380,5
710,"Гибкий старт","687","51",28,2
711,"Функциональный бокс","463","73",460,7
712,"Интенсивный старт","613","27",615,1
713,"Интенсивный огонь","796","118",205,4
714,"Жиросжигающий бой","379","61",872,6
715,"Взрывной взрыв","753","100",196,9
716,"Жиросжигающий бросок","393","71",459,3
717,"Динамичный подъем","25","108",387,8
718,"Динамичный подъем","547","89",265,10
719,"Гибкий старт","2","115",141,8
720,"Активный огонь","741","88",456,9
721,"Жиросжигающий старт","517","115",989,8
722,"Активный бокс","122","62",326,5
723,"Динамичный бой","194","72",641,2
724,"Гибкий подъем","843","73",254,9
725,"Быстрый подъем","955","85",549,3
726,"Активный вызов","970","65",121,2
727,"Гибкий взрыв","852","92",794,9
728,"Активный бой","935","43",684,5
729,"Динамичный бросок","254","56",419,3
730,"Функциональный вызов","3","59",861,8
731,"Функциональный взрыв","513","97",170,2
732,"Горячий старт","136","21",86,7
733,"Горячий вызов","89","49",284,10
734,"Активный вызов","111","37",891,6
735,"Гибкий бросок","574","116",107,10
736,"Быстрый бокс","818","117",690,10
737,"Энергичный бокс","695","68",962,1
738,"Взрывной огонь","549","46",147,10
739,"Быстрый старт","714","67",974,1
740,"Активный бой","664","37",954,4
741,"Активный вызов","554","61",805,7
742,"Активный взрыв","536","57",683,7
743,"Активный бросок","572","61",653,3
744,"Динамичный подъем","302","87",154,10
745,"Активный взрыв","264","99",724,7
746,"Горячий бокс","740","69",37,6
747,"Функциональный старт","703","66",569,6
748,"Горячий старт","175","93",341,9
749,"Быстрый бросок","220","98",374,7
750,"Горячий старт","290","43",422,2
751,"Динамичный взрыв","219","47",122,1
752,"Интенсивный бой","174","34",683,1
753,"Гибкий старт","156","24",278,7
754,"Жиросжигающий огонь","861","65",2,9
755,"Быстрый бросок","173","118",560,9
756,"Горячий взрыв","475","99",306,1
757,"Быстрый бросок","157","42",591,10
758,"Взрывной вызов","219","59",780,4
759,"Интенсивный бросок","71","36",363,6
760,"Взрывной бокс","269","112",670,2
761,"Горячий подъем","708","75",2,4
762,"Функциональный бой","774","45",824,10
763,"Гибкий бой","687","24",48,9
764,"Жиросжигающий огонь","720","37",321,10
765,"Горячий огонь","625","103",392,5
766,"Активный бой","998","81",94,10
767,"Быстрый бой","910","74",298,3
768,"Жиросжигающий взрыв","779","51",560,2
769,"Интенсивный огонь","295","75",119,1
770,"Жиросжигающий огонь","430","102",634,8
771,"Динамичный бокс","284","43",744,5
772,"Жиросжигающий взрыв","620","24",592,8
773,"Жиросжигающий взрыв","619","83",424,6
774,"Функциональный взрыв","366","23",472,6
775,"Быстрый старт","766","83",325,5
776,"Динамичный подъем","970","35",747,10
777,"Гибкий подъем","724","55",530,6
778,"Функциональный вызов","142","37",99,4
779,"Быстрый вызов","664","108",885,5
780,"Горячий старт","793","53",443,3
781,"Интенсивный бросок","116","51",359,4
782,"Динамичный взрыв","897","42",437,10
783,"Жиросжигающий бокс","12","82",177,9
784,"Функциональный огонь","324","37",21,9
785,"Взрывной огонь","381","53",410,1
786,"Горячий огонь","619","80",987,9
787,"Гибкий бросок","228","69",58,10
788,"Динамичный бой","999","64",221,4
789,"Взрывной вызов","472","80",248,8
790,"Активный огонь","89","54",497,8
791,"Жиросжигающий взрыв","33","92",472,4
792,"Быстрый подъем","115","29",984,7
793,"Быстрый взрыв","176","103",290,8
794,"Интенсивный огонь","435","118",937,5
795,"Взрывной подъем","710","48",646,6
796,"Взрывной взрыв","169","60",794,5
797,"Энергичный взрыв","522","58",456,8
798,"Динамичный подъем","462","110",863,6
799,"Горячий бокс","436","100",565,8
800,"Горячий подъем","114","65",744,7
801,"Функциональный огонь","991","57",758,5
802,"Энергичный бросок","675","83",782,10
803,"Функциональный старт","376","59",567,9
804,"Жиросжигающий бой","117","105",522,6
805,"Активный взрыв","388","71",995,6
806,"Гибкий бой","474","80",253,5
807,"Активный взрыв","994","58",138,3
808,"Энергичный подъем","917","62",417,9
809,"Гибкий подъем","487","107",176,3
810,"Энергичный огонь","463","39",771,10
811,"Жиросжигающий бокс","745","46",533,3
812,"Энергичный бросок","808","93",346,2
813,"Функциональный бросок","493","91",538,9
814,"Гибкий бокс","753","41",625,3
815,"Интенсивный бокс","817","81",897,4
816,"Взрывной бокс","88","86",24,4
817,"Взрывной старт","426","120",218,9
818,"Динамичный огонь","724","77",543,10
819,"Активный огонь","922","76",189,7
820,"Функциональный бросок","977","76",976,9
821,"Горячий взрыв","136","89",750,2
822,"Жиросжигающий бой","493","57",335,5
823,"Функциональный бой","862","87",792,3
824,"Жиросжигающий взрыв","776","21",815,4
825,"Жиросжигающий бокс","453","26",987,6
826,"Гибкий вызов","571","65",181,8
827,"Жиросжигающий бокс","813","114",996,3
828,"Горячий бокс","953","106",507,6
829,"Взрывной взрыв","648","86",782,5
830,"Горячий подъем","208","76",360,8
831,"Активный старт","573","77",711,4
832,"Активный огонь","623","67",907,1
833,"Быстрый подъем","839","59",47,4
834,"Активный взрыв","720","21",560,10
835,"Горячий бой","353","57",174,1
836,"Жиросжигающий огонь","466","51",797,1
837,"Гибкий бросок","565","81",56,5
838,"Активный бокс","836","103",263,4
839,"Интенсивный бой","914","42",733,4
840,"Быстрый бросок","96","45",784,5
841,"Горячий взрыв","805","31",947,8
842,"Интенсивный подъем","672","25",153,3
843,"Взрывной бокс","722","38",490,8
844,"Интенсивный подъем","78","113",676,1
845,"Активный бой","449","40",687,10
846,"Динамичный старт","483","108",996,7
847,"Жиросжигающий подъем","1000","73",194,8
848,"Гибкий старт","648","72",369,2
849,"Взрывной взрыв","598","92",430,5
850,"Динамичный вызов","119","100",500,10
851,"Энергичный подъем","169","58",574,4
852,"Быстрый огонь","794","90",325,4
853,"Функциональный бой","997","86",582,9
854,"Функциональный взрыв","120","105",835,2
855,"Функциональный бой","680","53",124,1
856,"Быстрый огонь","912","114",360,2
857,"Энергичный старт","875","59",311,6
858,"Гибкий бой","672","85",901,9
859,"Быстрый бокс","972","54",542,1
860,"Динамичный подъем","32","86",348,8
861,"Интенсивный бой","594","51",194,7
862,"Быстрый вызов","384","48",614,5
863,"Активный бой","351","58",353,10
864,"Интенсивный вызов","400","31",373,5
865,"Быстрый взрыв","581","87",845,10
866,"Интенсивный вызов","861","33",142,7
867,"Функциональный взрыв","643","87",924,2
868,"Энергичный бросок","345","70",513,1
869,"Взрывной вызов","970","45",681,9
870,"Горячий бросок","61","101",403,2
871,"Динамичный бокс","767","64",731,9
872,"Горячий старт","535","67",246,1
873,"Жиросжигающий взрыв","681","120",693,7
874,"Горячий взрыв","967","66",771,2
875,"Динамичный старт","277","114",953,5
876,"Энергичный подъем","253","27",657,5
877,"Горячий бокс","27","60",265,5
878,"Горячий вызов","262","83",442,2
879,"Гибкий подъем","577","88",988,5
880,"Интенсивный взрыв","492","108",138,1
881,"Интенсивный вызов","69","37",864,1
882,"Активный подъем","539","86",324,6
883,"Горячий бросок","332","70",374,5
884,"Интенсивный бокс","831","61",785,2
885,"Взрывной старт","65","99",852,5
886,"Интенсивный старт","238","100",202,9
887,"Динамичный подъем","664","71",480,8
888,"Гибкий бокс","863","98",330,7
889,"Энергичный бой","583","73",164,4
890,"Жиросжигающий взрыв","912","90",420,7
891,"Взрывной огонь","995","30",362,8
892,"Динамичный бой","729","55",269,4
893,"Активный старт","181","42",277,8
894,"Гибкий бокс","563","106",435,5
895,"Активный огонь","408","62",213,5
896,"Быстрый бой","247","27",548,3
897,"Энергичный подъем","512","36",752,5
898,"Гибкий бокс","758","69",714,9
899,"Функциональный вызов","817","68",774,6
900,"Быстрый старт","162","54",255,5
901,"Быстрый старт","527","57",372,10
902,"Интенсивный старт","395","77",438,6
903,"Быстрый огонь","762","90",132,2
904,"Энергичный взрыв","503","32",484,8
905,"Взрывной бокс","178","49",374,3
906,"Интенсивный бой","676","82",433,1
907,"Функциональный подъем","69","50",502,4
908,"Энергичный бокс","638","99",152,1
909,"Функциональный подъем","54","100",637,8
910,"Быстрый бросок","127","67",670,8
911,"Взрывной бой","218","69",997,2
912,"Гибкий бокс","216","52",356,4
913,"Быстрый вызов","977","120",61,10
914,"Активный подъем","119","32",273,3
915,"Активный взрыв","907","72",275,1
916,"Интенсивный бой","242","69",198,9
917,"Энергичный взрыв","308","24",565,4
918,"Горячий вызов","176","66",681,8
919,"Интенсивный бокс","704","46",757,9
920,"Горячий бросок","160","43",510,5
921,"Функциональный взрыв","807","68",20,10
922,"Взрывной взрыв","29","24",591,2
923,"Функциональный огонь","214","117",374,9
924,"Быстрый огонь","86","81",241,3
925,"Жиросжигающий взрыв","177","78",492,3
926,"Динамичный старт","187","43",835,8
927,"Интенсивный огонь","366","52",690,1
928,"Взрывной взрыв","774","40",6,6
929,"Активный старт","475","36",348,6
930,"Интенсивный огонь","994","120",47,2
931,"Жиросжигающий подъем","265","57",708,7
932,"Интенсивный бросок","32","109",184,4
933,"Интенсивный огонь","149","99",806,7
934,"Взрывной подъем","544","98",56,9
935,"Горячий бой","287","79",742,6
936,"Активный бой","742","77",374,8
937,"Гибкий огонь","954","114",681,7
938,"Гибкий подъем","15","93",111,1
939,"Гибкий старт","365","20",934,7
940,"Горячий вызов","623","47",524,6
941,"Активный вызов","166","57",99,7
942,"Интенсивный подъем","894","66",587,5
943,"Горячий бой","9","109",781,8
944,"Активный взрыв","155","97",893,6
945,"Функциональный подъем","276","22",418,9
946,"Динамичный вызов","264","86",547,6
947,"Динамичный бой","734","25",956,6
948,"Динамичный старт","919","48",285,7
949,"Быстрый бросок","307","118",347,4
950,"Быстрый бокс","47","85",241,6
951,"Жиросжигающий взрыв","716","87",826,9
952,"Взрывной огонь","539","32",386,4
953,"Жиросжигающий бой","673","39",724,7
954,"Жиросжигающий взрыв","62","96",328,5
955,"Взрывной бросок","976","80",783,8
956,"Взрывной бокс","73","80",746,10
957,"Жиросжигающий подъем","850","51",239,6
958,"Гибкий бросок","633","97",443,6
959,"Гибкий взрыв","427","71",872,10
960,"Быстрый огонь","271","63",640,2
961,"Горячий огонь","938","24",960,7
962,"Быстрый подъем","186","51",219,1
963,"Функциональный вызов","916","100",890,7
964,"Быстрый вызов","3","108",393,3
965,"Энергичный старт","862","118",674,2
966,"Динамичный огонь","542","110",266,3
967,"Гибкий бой","332","52",855,8
968,"Жиросжигающий вызов","779","40",110,1
969,"Динамичный подъем","32","96",914,7
970,"Функциональный вызов","186","114",540,4
971,"Быстрый вызов","774","94",844,1
972,"Интенсивный огонь","589","106",399,9
973,"Функциональный бокс","858","85",212,4
974,"Горячий вызов","437","108",51,3
975,"Взрывной подъем","657","109",936,3
976,"Активный взрыв","431","76",728,5
977,"Функциональный старт","149","104",292,4
978,"Горячий взрыв","594","39",933,6
979,"Динамичный вызов","443","115",284,5
980,"Взрывной старт","988","119",21,8
981,"Взрывной взрыв","992","81",424,10
982,"Динамичный бокс","151","24",281,8
983,"Гибкий огонь","345","105",796,5
984,"Активный вызов","420","119",648,8
985,"Активный подъем","79","111",634,9
986,"Функциональный бой","549","35",529,7
987,"Энергичный подъем","144","76",988,6
988,"Функциональный взрыв","820","68",94,5
989,"Жиросжигающий бокс","667","43",845,5
990,"Активный вызов","493","59",601,9
991,"Гибкий вызов","686","59",637,10
992,"Гибкий бросок","88","102",927,5
993,"Гибкий старт","69","101",65,9
994,"Быстрый взрыв","245","87",134,9
995,"Энергичный огонь","416","62",536,3
996,"Активный подъем","801","94",852,5
997,"Быстрый бросок","854","87",483,4
998,"Энергичный взрыв","528","118",592,2
999,"Гибкий огонь","587","102",277,7
1000,"Интенсивный старт","421","106",445,10
